time_rel,time_abs,x,y,vel_x,vel_y,acc_x,acc_y
0.43565845489501953,2025-09-24T21:10:05.296554,950,220,-1203.7550762696055,782.4407995752435,-36225.657091121095,23546.67710922871
0.4523653984069824,2025-09-24T21:10:05.313261,939,227,-658.4088820389874,418.9874703884465,32641.88891523616,-21754.627285747916
0.4692213535308838,2025-09-24T21:10:05.330117,935,228,-237.30485579711168,59.32621394927792,24982.50755572786,-21337.34064877623
0.4864978790283203,2025-09-24T21:10:05.347394,933,228,-115.76401749858549,0.0,7035.027865791668,-3433.920434874518
0.5033013820648193,2025-09-24T21:10:05.364197,932,228,-59.51140055903177,0.0,3347.672019183557,0.0
0.5201165676116943,2025-09-24T21:10:05.381012,926,223,-356.82032667876587,-297.3502722323049,-17680.97802375943,-17683.436879325167
0.5524415969848633,2025-09-24T21:10:05.413337,859,164,-2072.697265841084,-1825.211025143641,-53081.991646589624,-47265.564255898906
0.5856201648712158,2025-09-24T21:10:05.446516,647,117,-6389.666990033127,-1416.5771157148913,-130113.20256435052,12316.200953231459
0.6190946102142334,2025-09-24T21:10:05.479991,379,145,-8006.107263429296,836.4589678209712,-48288.78437961457,67306.15131777896
0.63639235496521,2025-09-24T21:10:05.497288,306,168,-4220.2033300253615,1329.6531039805932,218866.90940969036,28512.048435202985
0.6547012329101562,2025-09-24T21:10:05.515597,239,205,-3659.4268748453637,2020.8775278996784,30628.663147256724,37753.510946850816
0.6870236396789551,2025-09-24T21:10:05.547919,189,269,-1546.914509109685,1980.0505716603968,65357.52058460294,-1263.1162193866169
0.7179265022277832,2025-09-24T21:10:05.578823,174,340,-485.3919269226021,2297.5217874336504,34350.299442642965,10273.19767777605
0.7366609573364258,2025-09-24T21:10:05.597557,176,400,106.75517320369569,3202.6551961108707,31607.38311802453,48313.83690789407
0.7681622505187988,2025-09-24T21:10:05.629058,208,485,1015.8313125350045,2698.3019239211058,28858.375244099312,-16010.557702182918
0.8005692958831787,2025-09-24T21:10:05.661465,287,546,2437.7415192201584,1882.306742688983,43876.57654986476,-25179.561174343333
0.8331971168518066,2025-09-24T21:10:05.694093,442,546,4750.547091362138,0.0,70884.46312016278,-57690.23755827412
0.868415117263794,2025-09-24T21:10:05.729311,593,467,4287.580164505975,-2243.171079443523,-13145.747102058122,-63693.87964116228
0.899991512298584,2025-09-24T21:10:05.760887,622,400,918.407562612786,-2121.838161898506,-106699.08956298283,3842.519623007495
0.9185149669647217,2025-09-24T21:10:05.779411,592,323,-1619.5683008765268,-4156.891972249752,-137014.17522990075,-109863.62139409565
0.9490988254547119,2025-09-24T21:10:05.809995,517,200,-2452.2739674768864,-4021.729306662093,-27226.965716993986,4419.411815938665
0.9662165641784668,2025-09-24T21:10:05.827113,491,160,-1518.8922099809183,-2336.75724612449,54527.164630727864,98434.26679946393
0.9987187385559082,2025-09-24T21:10:05.860791,486,153,-153.83586162377864,-215.3702062732901,41998.9239029059,65269.08062260532
1.0158679485321045,2025-09-24T21:10:05.876764,485,153,-58.311724061227046,0.0,5570.177150734202,12558.608039217643
1.0326056480407715,2025-09-24T21:10:05.893502,483,157,-119.49073401421592,238.98146802843183,-3655.162402772831,14278.035515256097
1.0493569374084473,2025-09-24T21:10:05.910253,483,187,0.0,1790.9069171648164,7133.226069438683,92645.13405941552
1.06697416305542,2025-09-24T21:10:05.927870,493,228,567.6262653602555,2327.2676879770474,32219.95771268312,30445.246122189466
1.1013643741607666,2025-09-24T21:10:05.962260,522,310,843.2632155459884,2384.3994370610703,8014.982790927949,1661.279394564128
1.1338989734649658,2025-09-24T21:10:05.994795,541,335,583.9936684742781,768.4127216766818,-7969.040732530138,-49669.790006475174
1.16904878616333,2025-09-24T21:10:06.029945,554,339,369.84549851114775,113.798614926507,-6092.441282712612,-18623.544664880625
1.2015399932861328,2025-09-24T21:10:06.062436,562,327,246.22046111624766,-369.3306916743715,-3804.876714110708,-14869.540081255163
1.2339098453521729,2025-09-24T21:10:06.094806,544,243,-556.0729768945783,-2595.007225508032,-24785.20557875921,-68757.69865407169
1.266347885131836,2025-09-24T21:10:06.127244,525,192,-585.7320642387269,-1572.2281724302673,-914.3304449223608,31530.23610628262
1.2839691638946533,2025-09-24T21:10:06.144865,522,191,-170.24871125302738,-56.74957041767579,23578.501797634002,86002.75964139443
1.318040132522583,2025-09-24T21:10:06.178936,485,217,-1085.9685383194312,763.1130269271679,-26876.83573268716,24063.37801246898
1.336043119430542,2025-09-24T21:10:06.196939,448,270,-2055.2145146338235,2943.9559263673686,-53838.06483166946,121137.83732609762
1.367220163345337,2025-09-24T21:10:06.228116,423,343,-801.8720462505544,2341.466375051619,40200.81159100851,-19324.78117432555
1.3846197128295898,2025-09-24T21:10:06.245516,420,392,-172.4182573068965,2816.164869345976,36176.44178162951,27282.229044146945
1.419884204864502,2025-09-24T21:10:06.280780,423,452,85.07140828882429,1701.4281657764857,7301.669490682132,-31610.740414632735
1.450275182723999,2025-09-24T21:10:06.312178,425,459,65.80900454228087,230.33151589798305,-633.8198078257617,-48405.70305699427
1.4680795669555664,2025-09-24T21:10:06.328975,425,456,0.0,-168.49782396186242,-3696.2246874902157,-22400.625299510015
1.4849724769592285,2025-09-24T21:10:06.345868,418,427,-414.37502469867616,-1716.6965308945155,-24529.523013432638,-91647.8396319538
1.5033152103424072,2025-09-24T21:10:06.364211,364,331,-2943.945096510041,-5233.680171573406,-137905.84091088185,-191737.16191634542
1.5387778282165527,2025-09-24T21:10:06.399674,261,236,-2904.466905560673,-2678.8772429928536,1113.2339718819865,72042.1413232204
1.5672028064727783,2025-09-24T21:10:06.428099,201,205,-2110.819556629174,-1090.5901042584064,27920.772419858433,55876.45923305442
1.584038257598877,2025-09-24T21:10:06.444934,183,199,-1069.1724186764477,-356.39080622548255,61872.24388290642,43610.31329268952
1.6185810565948486,2025-09-24T21:10:06.479477,165,192,-521.0926885832016,-202.64715667124509,15866.685561791393,4450.816205489508
1.6511509418487549,2025-09-24T21:10:06.512047,159,184,-184.21925509487,-245.62567345982666,10343.095496411946,-1319.578391312477
1.6694128513336182,2025-09-24T21:10:06.530309,158,172,-54.758786359601025,-657.1054363152123,7089.098149488401,-22532.132425497355
1.7004740238189697,2025-09-24T21:10:06.561370,185,99,869.2524408965305,-2350.2010439054343,29748.11165585893,-54508.425539592405
1.7321264743804932,2025-09-24T21:10:06.593022,214,58,916.2007833684845,-1295.318348900271,1483.2451086433152,33327.046604330644
1.7495794296264648,2025-09-24T21:10:06.610475,232,48,1031.3439613130608,-572.968867396145,6597.345625529669,41388.376428161166
1.7813243865966797,2025-09-24T21:10:06.642220,277,38,1417.5479917084747,-315.0106648241055,12165.838837260837,8125.958488904945
1.7989659309387207,2025-09-24T21:10:06.659862,290,40,736.8969375895343,113.36875962915911,-38582.28287287196,24282.422000459843
1.830688238143921,2025-09-24T21:10:06.691584,302,49,378.28269937543683,283.71202453157764,-11304.796838841228,5369.825838975999
1.8643386363983154,2025-09-24T21:10:06.725235,326,114,713.2159274479241,1931.626470171461,9953.321370535252,48971.617904245046
1.8961966037750244,2025-09-24T21:10:06.757092,356,193,941.6796635284609,2479.7564472916138,7171.321804025833,17205.428414145612
1.912940263748169,2025-09-24T21:10:06.773836,368,236,716.6891838013328,2568.136241954776,-13437.353606558812,5278.403575139253
1.9297492504119873,2025-09-24T21:10:06.790645,372,261,237.96794417179655,1487.2996510737285,-28480.077306503677,-64301.115379404
1.9480054378509521,2025-09-24T21:10:06.808902,377,288,273.8797471660659,1478.950634696756,1967.1031048696118,-457.32529888211366
1.9796667098999023,2025-09-24T21:10:06.840562,378,327,31.584327959215948,1231.7887904094218,-7652.737983244859,-7806.440748975826
1.9979298114776611,2025-09-24T21:10:06.858826,378,361,0.0,1861.677210480281,-1729.4065755884556,34489.67402327496
2.0299689769744873,2025-09-24T21:10:06.890865,378,416,0.0,1716.648955961364,0.0,-4526.592758269053
2.0627312660217285,2025-09-24T21:10:06.923627,386,448,244.18318233089548,976.7327293235819,7453.178316655418,-22584.387359835215
2.0815794467926025,2025-09-24T21:10:06.942475,404,468,954.9993295806717,1061.1103662007463,37712.71911548068,4476.699258294075
2.115227222442627,2025-09-24T21:10:06.976123,451,510,1396.8233885310603,1248.225155708607,13130.854875694231,5560.985411162682
2.1454641819000244,2025-09-24T21:10:07.006360,484,530,1091.3795762598268,661.442167430198,-10101.670860841363,-19406.150578901965
2.164440393447876,2025-09-24T21:10:07.025336,503,539,1001.2535933259624,474.2780178912453,-4749.419171819269,-9863.093540403901
2.1962692737579346,2025-09-24T21:10:07.057165,536,542,1036.7942471910112,94.25402247191012,1116.6165293542313,-11939.596734706363
2.228863477706909,2025-09-24T21:10:07.089759,562,542,797.6878355643332,0.0,-7335.856767693819,-2891.7418145711545
2.245983600616455,2025-09-24T21:10:07.106880,577,540,876.1619340732798,-116.82159120977063,4583.734528283713,-6823.64208639138
2.2769434452056885,2025-09-24T21:10:07.137839,591,535,452.19865234299795,-161.49951869392785,-13693.97318866773,-1443.0927569867204
2.310460090637207,2025-09-24T21:10:07.171356,596,531,149.17960719595388,-119.34368575676311,-9040.852425585808,1257.7581197168984
2.32720685005188,2025-09-24T21:10:07.188103,596,526,0.0,-298.5652254381344,-8907.968610646461,-10701.863879667635
2.344412088394165,2025-09-24T21:10:07.205308,593,516,-174.36550080372484,-581.2183360124162,-10134.442623511257,-16428.317059671754
2.378127336502075,2025-09-24T21:10:07.239023,573,476,-593.2034056515713,-1186.4068113031426,-12422.803578585565,-17949.993230177035
2.411039113998413,2025-09-24T21:10:07.271935,541,430,-972.2963156140885,-1397.6759536952522,-11518.457488499338,-6419.256523462389
2.4287049770355225,2025-09-24T21:10:07.289601,521,401,-1132.1269704167566,-1641.5841071042971,-9047.429750073557,-13806.749938946374
2.445399522781372,2025-09-24T21:10:07.306295,515,388,-359.3988175144954,-778.6974379480735,46286.26406887215,51686.74142396141
2.4782326221466064,2025-09-24T21:10:07.339129,516,359,30.457069826885093,-883.2550249796677,11873.867983178676,-3184.5177291518817
2.497180461883545,2025-09-24T21:10:07.358077,524,336,422.2117197035471,-1213.8586941476979,20675.425553285804,-17448.09296246707
2.5301616191864014,2025-09-24T21:10:07.391058,539,310,454.805144108781,-788.3289164552203,988.2438055747381,12902.208791066985
2.562922954559326,2025-09-24T21:10:07.423819,572,288,1007.2849480754816,-671.5232987169877,16863.77547428334,3565.3497151024303
2.596126079559326,2025-09-24T21:10:07.457022,614,283,1264.9411764705883,-150.58823529411765,7759.99934931145,15689.33838073585
2.6296842098236084,2025-09-24T21:10:07.490580,632,294,536.3826845608975,327.78941834277066,-21710.342208342157,14255.193893983185
2.6618106365203857,2025-09-24T21:10:07.523707,634,303,62.25404458693264,280.1432006411969,-14758.212746440471,-1483.0848805962353
2.8450570106506348,2025-09-24T21:10:07.705953,634,322,0.0,103.68554406700052,-339.7286570193379,-962.9530592991308
2.879805326461792,2025-09-24T21:10:07.740701,638,406,115.11349274417647,2417.383347627706,3312.779052940892,66584.45883060058
2.9120383262634277,2025-09-24T21:10:07.772934,641,460,93.07231776323088,1675.301719738156,-683.8077472338473,-23022.419025730618
2.9292831420898438,2025-09-24T21:10:07.790179,651,506,579.8844186368035,2667.4683257292963,28229.47521004326,57534.19555060229
2.9620087146759033,2025-09-24T21:10:07.822905,676,596,763.9285740304966,2750.142866509788,5623.8635675420455,2526.2977618826803
2.979846239089966,2025-09-24T21:10:07.840742,682,620,336.36954662104364,1345.4781864841746,-23969.639367242013,-78747.73692913481
3.0115058422088623,2025-09-24T21:10:07.872402,704,657,694.8918442653815,1168.681738082687,11324.282755469814,-5584.291367694504
3.0468897819519043,2025-09-24T21:10:07.907786,740,682,1017.4107310105046,706.535229868406,9114.83823133472,-13060.911576562326
3.079528331756592,2025-09-24T21:10:07.940424,774,696,1041.7129499766245,428.9406264609631,744.5863591227828,-8505.114506269367
3.342689275741577,2025-09-24T21:10:08.203585,853,699,300.19652157999303,11.399867908101003,-2817.729778469478,-1586.636497916974
3.3615009784698486,2025-09-24T21:10:08.222397,853,692,0.0,-372.1087931864845,-15957.966480558809,-20386.70643663867
3.390827178955078,2025-09-24T21:10:08.251723,853,688,0.0,-136.39680333000007,0.0,8037.59048074447
3.408001184463501,2025-09-24T21:10:08.268897,853,686,0.0,-116.45506920439243,0.0,1161.1580138266158
3.440760374069214,2025-09-24T21:10:08.302657,853,684,0.0,-61.051571301727776,0.0,1691.2353012848282
3.573018789291382,2025-09-24T21:10:08.433915,852,683,-7.5609555605229195,-7.5609555605229195,-57.16804898820245,404.4401685242577
3.6062281131744385,2025-09-24T21:10:08.467124,842,680,-301.120252710173,-90.3360758130519,-8839.664974312342,-2492.526512855649
3.6388144493103027,2025-09-24T21:10:08.499710,817,672,-767.1927244525414,-245.50167182481326,-14302.696375534308,-4761.676653822623
3.6700403690338135,2025-09-24T21:10:08.530936,792,659,-800.616930465523,-416.3208038420719,-1070.3994088544237,-5470.427565617701
3.703997850418091,2025-09-24T21:10:08.564894,771,640,-618.4204229505434,-559.5232398123965,5365.430535120263,-4217.110048586488
3.722393751144409,2025-09-24T21:10:08.583290,764,630,-380.51955727209105,-543.5993675315586,12932.276011801698,865.6206900516761
3.7531042098999023,2025-09-24T21:10:08.614000,760,619,-130.24878696364385,-358.1841641500206,8149.366061282995,6037.526331265662
3.7701337337493896,2025-09-24T21:10:08.631030,758,611,-117.44309574810646,-469.77238299242583,751.970009773522,-6552.632934934628
3.8041415214538574,2025-09-24T21:10:08.665037,758,596,0.0,-441.07544220023976,3453.4176926974105,843.8343899805046
3.8209474086761475,2025-09-24T21:10:08.681843,761,591,178.50887372497837,-297.5147895416306,10621.805999520091,8542.283472437048
3.838200330734253,2025-09-24T21:10:08.699096,766,585,289.805980874468,-347.7671770493616,6450.91346118972,-2912.688490592368
3.8693971633911133,2025-09-24T21:10:08.730293,783,572,544.9271144601793,-416.7089698813136,8177.789597804211,-2209.8971902133576
3.9023795127868652,2025-09-24T21:10:08.763275,791,567,242.55397649235928,-151.59623530772456,-9167.725874820939,8038.018498698425
3.9205434322357178,2025-09-24T21:10:08.781439,794,567,165.16259106123252,0.0,-4260.720581207806,8346.00900618403
3.938126802444458,2025-09-24T21:10:08.799023,798,568,227.4876745762712,56.8719186440678,3544.54707915201,3234.4151302574664
3.972989797592163,2025-09-24T21:10:08.833886,807,578,258.1533790160437,286.8370877956041,879.6061356705069,6596.253941385015
4.002816200256348,2025-09-24T21:10:08.863712,815,592,268.21873526190836,469.38278670833967,337.4646402782967,6120.272061234383
4.019918203353882,2025-09-24T21:10:08.880814,818,600,175.4180479848322,467.7814612928859,-5426.305137931851,-93.63379285579872
4.036917686462402,2025-09-24T21:10:08.897814,818,604,0.0,235.30127207192044,-10319.02245880105,-13675.721063803487
4.069577217102051,2025-09-24T21:10:08.930473,819,607,30.618933598084446,91.85680079425335,937.5190946839045,-4392.116741063221
4.118596315383911,2025-09-24T21:10:08.979492,822,600,61.20063618367615,-142.80148442857768,623.8732179393954,-4787.078780469264
4.151164293289185,2025-09-24T21:10:09.012060,828,578,184.2300439238653,-675.5101610541727,3777.61886531703,-16356.823815559586
4.182594537734985,2025-09-24T21:10:09.043490,839,552,349.9813696635009,-827.2286919319113,5273.625091445342,-4827.15083999319
4.202023983001709,2025-09-24T21:10:09.062920,847,542,411.7461867890494,-514.6827334863117,3178.928491145944,16086.200823288038
4.233174800872803,2025-09-24T21:10:09.094071,864,536,545.7320597599804,-192.61131520940484,4301.199202068546,10339.099910945564
4.267028093338013,2025-09-24T21:10:09.127924,884,535,590.7844863406835,-29.53922431703418,1330.8137347941029,4817.023072717523
4.299904823303223,2025-09-24T21:10:09.160801,903,545,577.9163566481743,304.16650349903915,-391.4054015142697,10150.210442741705
4.317129850387573,2025-09-24T21:10:09.178026,908,552,290.2753055490193,406.3854277686271,-16699.01879924966,5934.325895049342
4.334157466888428,2025-09-24T21:10:09.195053,916,563,469.8250045506098,646.0093812570884,10544.617268810356,14072.665629768931
4.365237474441528,2025-09-24T21:10:09.226133,921,585,160.87512177908698,707.8505358279828,-9940.470002900674,1989.7406545103934
4.398276329040527,2025-09-24T21:10:09.259172,914,619,-211.87175175897528,1029.0913656864514,-11282.076151312926,9723.122479802954
4.4149603843688965,2025-09-24T21:10:09.275856,911,627,-179.81239818228588,479.49972848609565,1921.5564169327886,-32941.13010197492
4.445955753326416,2025-09-24T21:10:09.306852,904,645,-225.84018953262978,580.731915941048,-1484.9893031900006,3266.0423430898772
4.462944269180298,2025-09-24T21:10:09.324839,902,653,-117.72658760788717,470.9063504315487,6363.922714298725,-6464.694529769911
4.480565071105957,2025-09-24T21:10:09.341461,895,668,-397.2577428389733,851.2665917978,-15863.702254324564,21585.86442154915
4.513743162155151,2025-09-24T21:10:09.374639,880,686,-452.1055770737071,542.5266924884485,-1653.1341165291565,-9305.535356195503
4.545224189758301,2025-09-24T21:10:09.407148,863,699,-540.0077854605767,412.947130058088,-2792.228052240445,-4116.116032292322
4.8912670612335205,2025-09-24T21:10:09.752163,689,687,-502.8278700214757,-34.67778413941212,107.44309015989494,-1293.5533458303148
4.924971342086792,2025-09-24T21:10:09.785867,647,664,-1246.1325071092058,-682.4058967502795,-22053.715975238843,-19217.97754506891
4.959204196929932,2025-09-24T21:10:09.820100,607,633,-1168.4681334141228,-905.5628033959453,2268.708644106763,-6518.79335416827
4.9914116859436035,2025-09-24T21:10:09.852307,590,620,-527.827549449248,-403.6328319317778,19891.044088936178,15584.262754886026
5.008487224578857,2025-09-24T21:10:09.869383,586,616,-234.2532253560458,-234.2532253560458,17192.68307513843,9919.42978747583
5.025876998901367,2025-09-24T21:10:09.886773,583,612,-172.51517727384902,-230.02023636513204,3550.2501031471966,243.4182820552458
5.058065176010132,2025-09-24T21:10:09.918961,574,592,-279.6057685897768,-621.3461524217263,-3327.016343735963,-12157.442614233612
5.075671672821045,2025-09-24T21:10:09.936568,568,572,-340.78329519140925,-1135.9443173046975,-3474.7131844940673,-29227.743054711846
5.108112573623657,2025-09-24T21:10:09.969008,553,508,-462.37926903657757,-1972.8182145560643,-3748.230500287982,-25796.876059125258
5.1392295360565186,2025-09-24T21:10:10.000126,553,458,0.0,-1606.840645447998,14859.396062010155,11761.35266730189
5.155946254730225,2025-09-24T21:10:10.016842,553,452,0.0,-358.92211367039863,0.0,74650.92618567942
5.188442230224609,2025-09-24T21:10:10.049338,554,445,30.77304142393872,-215.41128996757107,946.9800784794485,4416.26452259068
5.205304145812988,2025-09-24T21:10:10.066200,555,443,59.305242916124655,-118.61048583224931,1692.1091404259012,5740.795203721461
5.239664316177368,2025-09-24T21:10:10.100560,558,437,87.31039363850205,-174.6207872770041,815.0469111587835,-1630.093822317567
5.271635293960571,2025-09-24T21:10:10.132531,567,433,281.5053096289226,-125.1134709461878,6074.099994916216,1548.5080458448283
5.292413234710693,2025-09-24T21:10:10.153309,574,430,336.89575325018075,-144.38389425007745,2665.829318092205,-927.4462534876768
5.309216737747192,2025-09-24T21:10:10.170112,581,426,416.5798039132224,-238.04560223612708,4742.109457174453,-5573.939421000864
5.341475963592529,2025-09-24T21:10:10.202372,590,406,278.98995602527623,-619.9776800561694,-4265.131734642506,-11839.468177295112
5.375185012817383,2025-09-24T21:10:10.236081,598,362,237.32499681722376,-1305.2874824947307,-1236.0170389301013,-20330.143335317975
5.408291578292847,2025-09-24T21:10:10.269187,599,347,30.20548902123737,-453.0823353185606,-6256.146018815755,25741.273216871785
5.42519211769104,2025-09-24T21:10:10.286088,599,343,0.0,-236.67883644161049,-1787.249998924075,12804.532079022476
5.442621231079102,2025-09-24T21:10:10.303517,599,340,0.0,-172.12579511100776,0.0,3703.7478552879134
5.473798036575317,2025-09-24T21:10:10.335693,602,334,96.22538140939854,-192.45076281879707,3086.441342461407,-651.9259232719118
6.005342960357666,2025-09-24T21:10:10.866239,596,324,-11.287851189143923,-18.81308531523987,-202.26556173936078,326.66604408145287
6.0240514278411865,2025-09-24T21:10:10.884947,580,299,-855.2277205010896,-1336.2933132829526,-45110.04816697767,-70421.60076063017
6.056664943695068,2025-09-24T21:10:10.917561,564,274,-490.5941472757711,-766.5533551183923,11180.443557787035,17469.443059042245
6.090105295181274,2025-09-24T21:10:10.951001,558,267,-179.42395140418796,-209.32794330488596,9305.231017082431,16663.2642017342
6.107194185256958,2025-09-24T21:10:10.968090,557,265,-58.517551202634074,-117.03510240526815,7075.146464520596,5400.751042979946
6.140573740005493,2025-09-24T21:10:11.001470,548,258,-269.62612496785806,-209.70920830833404,-6324.487410200952,-2776.3733399449507
6.172764778137207,2025-09-24T21:10:11.033661,538,250,-310.64546471237384,-248.51637176989905,-1274.247185712985,-1205.5269327686917
6.190995931625366,2025-09-24T21:10:11.051892,532,245,-329.10698732786693,-274.25582277322246,-1012.6360149117024,-1411.8388625295015
6.223939418792725,2025-09-24T21:10:11.084835,502,224,-910.6504070924552,-637.4552849647187,-17652.75839835203,-11024.924603348227
6.257881164550781,2025-09-24T21:10:11.118777,486,210,-471.3959062109271,-412.4714179345612,12941.423343767277,6628.529617594987
6.275005340576172,2025-09-24T21:10:11.135901,482,208,-233.587881488082,-116.793940744041,13887.268173968701,17266.668875168576
6.308916807174683,2025-09-24T21:10:11.169813,480,205,-58.977101276057226,-88.46565191408584,5149.018834227977,835.360179650833
6.3413331508636475,2025-09-24T21:10:11.202229,476,204,-123.39454561501574,-30.848636403753936,-1987.1903184715886,1777.4063621476798
6.358013868331909,2025-09-24T21:10:11.218910,474,204,-119.89891944428564,0.0,209.56090032585277,1849.359085569875
6.3903913497924805,2025-09-24T21:10:11.251287,469,204,-154.42831790634827,0.0,-1066.4633845628762,0.0
6.407302618026733,2025-09-24T21:10:11.268198,466,204,-177.39651210331166,0.0,-1358.1591799509433,0.0
6.438678979873657,2025-09-24T21:10:11.299575,461,212,-159.35563289311713,254.9690126289874,574.9831448977658,8126.1496751250925
6.45632791519165,2025-09-24T21:10:11.317224,455,226,-339.96385005065855,793.2489834515367,-10233.377475943866,30499.288547665004
6.490424156188965,2025-09-24T21:10:11.351320,446,256,-263.95871617369414,879.8623872456471,2229.1352845303636,2540.262540991908
6.507340908050537,2025-09-24T21:10:11.368237,443,264,-177.33900837162105,472.9040223243228,5120.351029019736,-24056.530961227985
6.524912118911743,2025-09-24T21:10:11.385808,441,272,-113.82254847419911,455.29019389679644,3614.802667791916,-1002.4254200041726
6.558070182800293,2025-09-24T21:10:11.418966,436,280,-150.7928815387381,241.26861046198096,-1114.9726108497441,-6454.586255523856
7.168458700180054,2025-09-24T21:10:12.029355,472,336,58.97882901621191,91.74484513632963,343.6691624794081,-244.96490525004955
7.186384439468384,2025-09-24T21:10:12.047280,503,377,1729.3568483494269,2287.2138962040804,93183.21506665311,122475.78834849135
7.219311475753784,2025-09-24T21:10:12.081199,574,432,2156.2827393451407,1670.359868506799,12965.815911740885,-18733.967501678548
7.749561071395874,2025-09-24T21:10:12.610457,571,443,-5.657712942462955,20.7449474556975,-4077.21282591393,-3111.0158963036074
7.767135858535767,2025-09-24T21:10:12.628032,558,464,-739.696014325637,1194.8935616029519,-41766.55429965342,66808.6961623611
7.800514459609985,2025-09-24T21:10:12.662363,498,540,-1797.558857142857,2276.907885714286,-31692.845379140268,32416.407197696175
7.819047212600708,2025-09-24T21:10:12.679943,466,568,-1726.6727731178923,1510.8386764781558,3824.9084774641788,-41335.96393474936
7.852473020553589,2025-09-24T21:10:12.713369,365,636,-3021.6173126578124,2034.3562105022895,-38740.859798074474,15662.075686012357
7.869910955429077,2025-09-24T21:10:12.730807,330,657,-2007.1184030626196,1204.2710418375718,58177.69803815635,-47602.26337532267
7.887001991271973,2025-09-24T21:10:12.747898,310,668,-1170.204087326498,643.6122480295738,48968.02765082343,-32804.26060548317
7.919774532318115,2025-09-24T21:10:12.780671,267,682,-1312.0740298854923,427.1868934510905,-4328.9271454186755,-6603.862491888075
7.952601194381714,2025-09-24T21:10:12.813497,239,691,-852.9651886552638,274.16738206776336,13985.85212047291,-4661.439871250569
7.9695844650268555,2025-09-24T21:10:12.830480,231,694,-471.05178779498266,176.6444204231185,22487.623782262162,-5742.295679221435
8.002907037734985,2025-09-24T21:10:12.863803,218,699,-390.12593997066506,150.0484384502558,2428.559419260377,-798.1371128158407
8.648613691329956,2025-09-24T21:10:13.510952,230,692,18.58429045633961,-10.840836099531439,632.9658028944121,-249.16775079525115
8.66616702079773,2025-09-24T21:10:13.527063,245,663,854.5387373682495,-1652.1082255786157,47623.69717076512,-93501.77084594264
8.699599266052246,2025-09-24T21:10:13.560495,284,592,1166.5384631841682,-2123.6982278481014,9332.299504286762,-14105.842987191392
8.733145713806152,2025-09-24T21:10:13.594042,337,496,1579.8990220604958,-2861.7038890152376,12322.036655228112,-21999.517402888076
8.750034809112549,2025-09-24T21:10:13.610931,362,448,1480.2450662074027,-2842.0705271182132,-5900.491059183653,1162.4874832453863
8.767309665679932,2025-09-24T21:10:13.628206,398,371,2083.9536270288177,-4457.345257811638,34947.24013867042,-93504.37871323772
8.799535274505615,2025-09-24T21:10:13.660431,428,296,930.9366399337101,-2327.3415998342753,-35779.52532509365,66096.61494679858
8.846930027008057,2025-09-24T21:10:13.708836,440,268,253.1925870776908,-590.7827031812785,-14299.98084326123,36640.31997136271
9.009498119354248,2025-09-24T21:10:13.870394,444,223,24.605074355439534,-276.80708649869473,-1406.103186813993,1931.3483485674888
9.02842402458191,2025-09-24T21:10:13.889320,450,168,317.02578702712236,-2906.069714415288,15450.817762962044,-138924.008986043
9.048054456710815,2025-09-24T21:10:13.908950,455,85,254.70656820831715,-4228.129032258064,-3174.6228717522104,-67347.43836311247
9.078022003173828,2025-09-24T21:10:13.938918,463,11,266.95545495771444,-2469.3379583588585,408.738391863859,58689.858913541204
11.038238525390625,2025-09-24T21:10:15.899135,466,5,1.5304431760463473,-3.0608863520926946,-135.40596601109178,1258.1656383641068
11.07197618484497,2025-09-24T21:10:15.932872,479,140,385.3260780461606,4001.4631181716677,11375.882058133646,118695.96377729585
11.10522198677063,2025-09-24T21:10:15.966118,480,236,30.078985678736114,2887.582625158667,-10685.472203732406,-33504.39539716158
11.138668298721313,2025-09-24T21:10:15.999564,475,287,-149.4933135639132,1524.8317983519146,-5368.971607614845,-40744.427332260755
11.172336101531982,2025-09-24T21:10:16.033232,458,351,-504.93345513515044,1900.9259487440959,-10557.271692781873,11170.736400802529
11.205226182937622,2025-09-24T21:10:16.066122,434,406,-729.7032714514575,1672.2366637429232,-6833.969595398016,-6953.138308802102
11.238693952560425,2025-09-24T21:10:16.099590,416,454,-537.8308803624603,1434.2156809665607,5733.049834258089,-7111.946372852722
11.272773027420044,2025-09-24T21:10:16.133669,389,504,-792.275028333963,1467.1759783962277,-7466.286834945678,967.1711325920464
11.30543828010559,2025-09-24T21:10:16.166334,361,538,-857.1799602942893,1040.8613803573514,-1986.971678594862,-13051.01179356571
11.322670221328735,2025-09-24T21:10:16.183566,336,558,-1450.7941778737063,1160.635342298965,-34448.482030690946,6950.694665830396
11.339592933654785,2025-09-24T21:10:16.200489,321,568,-886.3827329210048,590.9218219473365,33352.30393793792,-33665.61514342153
11.372584581375122,2025-09-24T21:10:16.233480,293,589,-848.6996538442082,636.5247403831562,1142.2005774379004,1382.2564675273507
11.389854192733765,2025-09-24T21:10:16.250750,282,597,-636.9570091393545,463.24146119225776,12260.996516223693,-10033.999931572218
11.408440828323364,2025-09-24T21:10:16.269337,269,605,-699.4272813566279,430.41678852715563,-3361.0317432720026,-1766.036274121046
11.440705299377441,2025-09-24T21:10:16.301601,264,608,-154.96922269761393,92.98153361856836,16874.848428367855,-10458.415832790995
11.458414793014526,2025-09-24T21:10:16.319311,263,609,-56.4668883533704,56.4668883533704,5562.120315962763,-2061.8683974528585
11.475287914276123,2025-09-24T21:10:16.336184,262,614,-59.265857483997685,296.3292874199884,-165.88330559786553,14215.650758851963
11.491965770721436,2025-09-24T21:10:16.352862,262,620,0.0,359.75846294602013,3553.5656322701484,3803.197115529748
11.522786140441895,2025-09-24T21:10:16.383682,269,648,227.1225187591862,908.4900750367448,7369.234075359555,17804.186551547726
11.540195941925049,2025-09-24T21:10:16.401092,274,663,287.19454410999424,861.5836323299827,3450.4715868778667,-2694.254885798018
11.57308053970337,2025-09-24T21:10:16.433976,283,683,273.68435705585523,608.1874601241227,-410.8363175129304,-7705.618718952841
11.605020999908447,2025-09-24T21:10:16.465917,286,689,93.92475815120028,187.84951630240056,-5627.958950825495,-13160.046571742689
11.622422933578491,2025-09-24T21:10:16.483319,287,693,57.46487826932825,229.859513077313,-2095.1625591261063,2414.0993507652165
11.84494137763977,2025-09-24T21:10:16.705837,276,699,-49.43410442403917,26.96405695856682,-480.4050430261347,-911.8141059033778
12.590643882751465,2025-09-24T21:10:17.451540,330,692,72.41493709600944,-9.38712147540863,163.40167920154374,-48.74756110485457
12.617224931716919,2025-09-24T21:10:17.478121,362,640,1203.8652064329217,-1956.2809604534978,42566.05037699583,-73243.67979263565
12.63570785522461,2025-09-24T21:10:17.496604,382,604,1082.079898868723,-1947.743817963701,-6589.071664638226,461.89351409935335
12.652891635894775,2025-09-24T21:10:17.513787,402,549,1163.8882259899547,-3200.692621472376,4760.787436216816,-72914.61800859739
12.68464970588684,2025-09-24T21:10:17.545545,417,488,472.32089367356593,-1920.7716342725014,-21776.113362341377,40302.228300386494
12.70189356803894,2025-09-24T21:10:17.562789,419,477,115.98329784586456,-637.9081381522551,-20664.604755281794,74395.36948305082
12.734260320663452,2025-09-24T21:10:17.595156,419,467,0.0,-308.95901470284923,-3583.4085424445407,10163.179706829436
13.24630355834961,2025-09-24T21:10:18.107200,413,514,-11.717760451467058,91.78912353649196,-22.884318332994244,782.645114210001
13.265030860900879,2025-09-24T21:10:18.125927,400,568,-694.1736517798034,2883.4905535468756,-36441.76140477169,149071.19818070828
13.281885623931885,2025-09-24T21:10:18.142781,389,602,-652.6345092935751,2017.233937816505,2464.534352088685,-51395.36012086396
13.299081563949585,2025-09-24T21:10:18.159978,372,636,-988.6054488734835,1977.210897746967,-19537.805972461258,-2327.4703231309995
13.330838918685913,2025-09-24T21:10:18.191735,357,662,-472.33153153153154,818.707987987988,16256.830004527168,-36479.83024334628
13.362784147262573,2025-09-24T21:10:18.223680,336,680,-657.3751679254858,563.4644296504165,-5792.528168953249,-7990.037001145695
13.396983623504639,2025-09-24T21:10:18.257880,313,694,-672.5249193059263,409.3629943601291,-442.9819706363312,-4505.958927544694
13.446329355239868,2025-09-24T21:10:18.307225,274,699,-790.3419126351034,101.32588623526968,-2387.5822525307444,-6242.426594820194
13.87992811203003,2025-09-24T21:10:18.740824,329,692,126.84538213890012,-16.143957726769106,2115.290416337318,-270.9183135847596
13.911988019943237,2025-09-24T21:10:18.772884,326,586,-93.57481650045736,-3306.31018301616,-6875.259880224078,-102625.5669291524
13.946435928344727,2025-09-24T21:10:18.807332,317,537,-261.26404817109045,-1422.437595598159,-4867.907500107714,54687.57538081926
13.979504108428955,2025-09-24T21:10:18.840400,316,524,-30.240551413863212,-393.1271683802218,6986.277931497391,31126.914895109545
13.996220111846924,2025-09-24T21:10:18.857116,315,520,-59.82291191236878,-239.29164764947512,-1769.7029462620364,9202.88880566884
14.016167163848877,2025-09-24T21:10:18.877063,313,507,-100.26544272327405,-651.7253777012813,-2027.4941283025341,-20676.425268827825
14.033092260360718,2025-09-24T21:10:18.893988,313,500,0.0,-413.5870064376171,5924.069186437325,14070.13372698125
14.066394329071045,2025-09-24T21:10:18.927290,313,494,0.0,-180.16898746411414,0.0,7009.114689055902
14.098036050796509,2025-09-24T21:10:18.958932,313,492,0.0,-63.20768564216554,0.0,3696.426598930085
14.129668235778809,2025-09-24T21:10:18.991476,313,491,0.0,-31.61337101940833,0.0,998.8027902731417
14.2297842502594,2025-09-24T21:10:19.090680,314,491,9.988411995703913,0.0,99.76837419592182,315.7673743148966
14.248451948165894,2025-09-24T21:10:19.109348,316,492,107.13693836368745,53.568469181843724,5204.097840804859,2869.580890486141
14.279764652252197,2025-09-24T21:10:19.140660,319,492,95.807758784787,0.0,-361.8077681082764,-1710.758324614793
14.296441316604614,2025-09-24T21:10:19.157337,320,492,59.96402990835919,0.0,-2149.334430373235,0.0
14.313942193984985,2025-09-24T21:10:19.174838,322,492,114.27998474197591,0.0,3103.613244815786,0.0
14.331483602523804,2025-09-24T21:10:19.192380,325,492,171.0238943104901,0.0,3234.8547976031937,0.0
14.349419593811035,2025-09-24T21:10:19.210316,329,492,223.01527336532453,0.0,2898.717903138527,0.0
14.380899667739868,2025-09-24T21:10:19.241796,331,492,63.53225232321243,0.0,-5066.157767057833,0.0
14.87863302230835,2025-09-24T21:10:19.739529,345,499,28.127510184921288,14.063755092460644,-71.13194607780686,28.255601042958954
14.912599086761475,2025-09-24T21:10:19.775009,362,510,500.49955076370173,323.85265049415995,13907.17612370663,9120.541351772581
14.945231437683105,2025-09-24T21:10:19.806127,365,511,91.93330897932344,30.64443632644115,-12520.28218149474,-8985.200449452177
14.96199369430542,2025-09-24T21:10:19.822889,365,512,0.0,59.65783859130089,-5484.54250825267,1730.8768693014858
15.540584802627563,2025-09-24T21:10:20.401481,369,522,6.913345093739171,17.283362734347925,11.948585096281866,-73.23734369135867
15.561657190322876,2025-09-24T21:10:20.422553,391,574,1044.0202751629254,2467.684286748733,49216.393750191295,116284.92031586295
15.59400486946106,2025-09-24T21:10:20.454901,405,624,432.79766502550194,1545.7059465196498,-18895.40846273354,-28502.148061088214
15.627124071121216,2025-09-24T21:10:20.489020,412,679,211.3577516701221,1660.6680488366735,-6686.1488881171035,3471.161638999522
15.660242795944214,2025-09-24T21:10:20.521139,415,699,90.5831977539414,603.887985026276,-3646.7151003444847,-31908.839167520015
16.059837102890015,2025-09-24T21:10:20.920733,386,665,-72.57360652020859,-85.0862972995549,-408.30612808575336,-1724.184429933033
16.092517852783203,2025-09-24T21:10:20.953414,405,571,581.3820081270563,-2876.3109875759633,20010.42255103107,-85408.83239824839
16.10989284515381,2025-09-24T21:10:20.970789,407,548,115.10796421318403,-1323.7415884516165,-26835.92798018731,89356.55141644497
16.14390468597412,2025-09-24T21:10:21.004801,408,533,29.401525347689546,-441.0228802153432,-2519.900034764041,25953.27647508856
16.16067910194397,2025-09-24T21:10:21.021575,408,526,0.0,-417.3021589891553,-1752.760000737889,1414.1011686382985
16.19259762763977,2025-09-24T21:10:21.053493,407,509,-31.329767844871373,-532.6060533628133,-981.5543532135363,-3612.444242336276
16.209745168685913,2025-09-24T21:10:21.070641,407,504,0.0,-291.58699702455436,1827.0705846724977,14055.604572672964
16.243903398513794,2025-09-24T21:10:21.104799,409,490,58.551043484330286,-409.857304390312,1714.112346551968,-3462.4249547387913
16.276265859603882,2025-09-24T21:10:21.137162,417,470,247.19998821258602,-617.999970531465,5829.252114142701,-6431.608077078657
16.3079891204834,2025-09-24T21:10:21.168885,420,464,94.56783183147073,-189.13566366294145,-4811.36403224135,13518.922550154264
16.325230360031128,2025-09-24T21:10:21.186126,422,460,116.00094033049851,-232.00188066099702,1243.1303700464111,-2486.2607400928223
16.360671758651733,2025-09-24T21:10:21.221567,425,457,84.6467723273148,-84.6467723273148,-884.6763734926232,4157.711435462668
16.391637563705444,2025-09-24T21:10:21.252534,429,455,129.17474591931014,-64.58737295965507,1437.9724187619372,647.7919541528541
16.408944845199585,2025-09-24T21:10:21.269841,430,454,57.779149217544635,-57.779149217544635,-4125.1768353069465,393.37337550182895
16.44179940223694,2025-09-24T21:10:21.302695,433,452,91.31153394000087,-60.87435596000058,1020.6311618912431,-94.20935850502846
16.472934246063232,2025-09-24T21:10:21.333830,433,451,0.0,-32.11835606368071,-2932.7763598058136,923.5954436371671
16.98529577255249,2025-09-24T21:10:21.846192,445,445,23.420962308050257,-11.710481154025128,45.711789619592565,39.831005753870656
17.00324845314026,2025-09-24T21:10:21.864144,463,432,1002.6357853357946,-724.1258449647406,54544.212394381866,-39682.95209886903
17.036415815353394,2025-09-24T21:10:21.897312,495,394,964.8038874592061,-1145.7046163578073,-1140.6363169153842,-12710.651172197082
17.06727647781372,2025-09-24T21:10:21.928172,505,380,324.0371140073703,-453.6519596103184,-20763.22160211473,22425.074563358954
17.085999965667725,2025-09-24T21:10:21.946896,509,373,213.63540976926603,-373.86196709621555,-5896.428331033179,4261.491936559257
17.1160945892334,2025-09-24T21:10:21.976991,513,364,132.91410644399727,-299.05673949899386,-2682.249975618241,2485.6674958561416
17.133041620254517,2025-09-24T21:10:21.993937,515,355,118.01477187996792,-531.0664734598556,-879.1707848686223,-13690.287913661574
17.16567635536194,2025-09-24T21:10:22.026572,516,334,30.64219754529515,-643.4861484511981,-2677.287682804028,-3444.785889062594
17.182549953460693,2025-09-24T21:10:22.043446,505,311,-651.9060093538496,-1363.076201376231,-40450.66161374975,-42645.9163430076
17.200072526931763,2025-09-24T21:10:22.060969,475,268,-1712.0772841689911,-2453.9774406422207,-60503.171897982815,-62256.907700636744
17.21833324432373,2025-09-24T21:10:22.079229,421,191,-2957.1675000979226,-4216.7018056951865,-68184.08002286928,-96530.94822158106
17.251768827438354,2025-09-24T21:10:22.112665,343,102,-2332.844016286482,-2661.8348390961146,18672.42696713653,46503.3602455405
17.282036781311035,2025-09-24T21:10:22.144307,317,87,-858.994304979008,-495.57363748788924,48693.404169541354,71569.46289532493
17.29952073097229,2025-09-24T21:10:22.160416,310,86,-400.3672016690985,-57.19531452415693,26231.321423113288,25073.186062483117
17.528268098831177,2025-09-24T21:10:22.389164,263,84,-205.46684510483243,-8.743270004460953,852.0332207035461,211.8146537519323
17.545044660568237,2025-09-24T21:10:22.405941,249,84,-834.4975698490748,0.0,-37494.61508281947,521.1598265183553
17.5626699924469,2025-09-24T21:10:22.423566,237,84,-680.8382436490544,0.0,8718.095480859916,0.0
17.596216678619385,2025-09-24T21:10:22.457113,217,83,-596.1840730606589,-29.80920365303294,2523.4734111480752,-888.5886224279925
17.629796028137207,2025-09-24T21:10:22.490692,209,80,-238.24166086820694,-89.3406228255776,10659.599346987758,-1772.858022188557
17.662821054458618,2025-09-24T21:10:22.523717,203,77,-181.68040023968177,-90.84020011984089,1712.6787448419009,-45.40730050201559
17.69522452354431,2025-09-24T21:10:22.556120,201,75,-61.72178647634464,-61.72178647634464,3702.029972349496,898.620254716878
17.71213722229004,2025-09-24T21:10:22.573033,200,75,-59.12716917828496,0.0,153.41237593527939,3649.43451097281
17.744328260421753,2025-09-24T21:10:22.605224,198,73,-62.12909294247476,-62.12909294247476,-93.25340027578602,-1930.0120949273337
17.77792978286743,2025-09-24T21:10:22.638826,197,73,-29.760556284812147,0.0,963.3056570573735,1848.9963674388453
17.811097860336304,2025-09-24T21:10:22.671994,192,75,-150.74735654161606,60.29894261664642,-3647.688063028341,1817.9812403428089
17.842971324920654,2025-09-24T21:10:22.703867,179,77,-407.86278396553143,62.748120610081756,-8066.754925354283,76.8406580638192
17.876960515975952,2025-09-24T21:10:22.737856,173,77,-176.52670786540497,0.0,6806.165987409353,-1846.1198593398499
17.910062789916992,2025-09-24T21:10:22.770959,172,77,-30.20940500284498,0.0,4420.158661099003,0.0
17.94175362586975,2025-09-24T21:10:22.802649,170,77,-63.10972683022246,0.0,-1038.1651615760993,0.0
17.975054264068604,2025-09-24T21:10:22.835950,168,78,-60.05890902321852,30.02945451160926,91.61439455863248,901.7681382648096
17.992507696151733,2025-09-24T21:10:22.853404,167,78,-57.29532135783075,0.0,158.34064338892935,-1720.547246443013
18.00982642173767,2025-09-24T21:10:22.870722,166,78,-57.7409691629956,0.0,-25.732136175580045,0.0
18.026705503463745,2025-09-24T21:10:22.887602,165,78,-59.2449290920391,0.0,-89.10199935345052,0.0
18.059653997421265,2025-09-24T21:10:22.920550,164,78,-30.350400879909692,0.0,876.9605144739878,0.0
18.09246802330017,2025-09-24T21:10:22.953364,162,78,-60.9495466170658,0.0,-932.5020297745932,0.0
18.14522385597229,2025-09-24T21:10:23.006120,162,79,0.0,18.955250051971763,1155.313896680792,359.30150453277554
18.693462371826172,2025-09-24T21:10:23.554358,164,88,3.648047231568542,16.41621254205844,6.654124301877452,-4.631264379443994
18.710381031036377,2025-09-24T21:10:23.571277,173,112,531.9570474338378,1418.5521264902343,31226.410653369112,82875.12009831304
18.72823977470398,2025-09-24T21:10:23.589136,185,142,671.9397637006875,1679.849409251719,7838.329440877282,14631.336202865312
18.761096000671387,2025-09-24T21:10:23.621992,193,164,243.48505540276759,669.5839023576109,-13040.28979843696,-30748.069114702124
18.777901887893677,2025-09-24T21:10:23.638798,193,168,0.0,238.0118316333045,-14488.081002937333,-25679.814758717548
18.794877290725708,2025-09-24T21:10:23.655773,193,174,0.0,353.4525842696629,0.0,6800.472058225964
18.826067209243774,2025-09-24T21:10:23.686963,192,180,-32.06164195077206,192.3698517046323,-1027.9488845795065,-5164.57689595198
18.892571449279785,2025-09-24T21:10:23.753468,189,180,-45.10990575000269,0.0,-196.20198339482195,-2892.595293179319
18.926283836364746,2025-09-24T21:10:23.787180,179,165,-296.626874115983,-444.9403111739745,-7460.6692113529325,-13198.125367172886
18.957929849624634,2025-09-24T21:10:23.819845,175,156,-126.39822802166756,-284.396013048752,5379.149806212258,5073.128700502612
18.974958896636963,2025-09-24T21:10:23.835855,175,155,0.0,-58.72319215960798,7422.507432750331,13252.228426274
18.991846084594727,2025-09-24T21:10:23.852742,173,154,-118.43298037554709,-59.216490187773545,-7013.185420317361,-29.21137784451402
19.02492117881775,2025-09-24T21:10:23.885817,173,152,0.0,-60.46845963655237,3580.729946737684,-37.85233203983948
19.123878479003906,2025-09-24T21:10:23.984775,173,153,0.0,10.105368660208116,0.0,713.1745527009921
19.15594482421875,2025-09-24T21:10:24.016841,173,154,0.0,31.18534380204616,0.0,657.386272136806
19.619390726089478,2025-09-24T21:10:24.480286,175,163,4.31549829640715,19.419742333832176,9.311762773146508,-25.387216546141456
19.65271806716919,2025-09-24T21:10:24.513614,185,194,300.05393997925387,930.167213935687,8873.748463026295,27327.336718028015
19.670135498046875,2025-09-24T21:10:24.531031,187,200,114.82749746762669,344.48249240288004,-10634.544429220685,-33626.35543931801
19.70202922821045,2025-09-24T21:10:24.563924,187,212,0.0,376.2494991478037,-3600.31570088252,996.0266981002026
19.718803882598877,2025-09-24T21:10:24.579700,187,217,0.0,298.0687341880099,0.0,-4660.648329883212
19.736132860183716,2025-09-24T21:10:24.597029,187,224,0.0,403.9476631399364,0.0,6109.935132270011
19.752930402755737,2025-09-24T21:10:24.613826,187,228,0.0,238.1300706844182,0.0,-9871.53875303815
19.770466804504395,2025-09-24T21:10:24.631363,185,234,-114.04848204695934,342.145446140878,-6503.5281286078025,5931.3978401768945
19.802674531936646,2025-09-24T21:10:24.663571,185,242,0.0,248.3875963253855,3541.028540025389,-2911.0358690383337
19.819458484649658,2025-09-24T21:10:24.681381,185,248,0.0,357.4843246161058,0.0,6500.06170513916
19.855215549468994,2025-09-24T21:10:24.716111,185,254,0.0,167.7990078412546,0.0,-5304.834659479021
19.886237382888794,2025-09-24T21:10:24.747133,185,257,0.0,96.706083080352,0.0,-2291.7060961176867
19.936299085617065,2025-09-24T21:10:24.797195,185,261,0.0,79.90139731585815,0.0,-335.6794685092422
19.95424485206604,2025-09-24T21:10:24.815141,185,263,0.0,111.4468978344626,0.0,1757.8240867169488
19.98677682876587,2025-09-24T21:10:24.847673,191,270,184.43392036585098,215.1729070934928,5669.311830252844,3188.4324219245827
20.019525051116943,2025-09-24T21:10:24.880421,195,276,122.14403447974607,183.2160517196191,-1902.0844923529614,-975.834811162672
20.036317348480225,2025-09-24T21:10:24.897213,197,278,119.10222626079054,119.10222626079054,-181.14306536798654,-3818.049673121115
20.054011344909668,2025-09-24T21:10:24.914907,197,279,0.0,56.51634462500337,-6731.222464959965,-3537.1252551878174
20.086153268814087,2025-09-24T21:10:24.947049,199,282,62.22402883994867,93.336043259923,1935.914882537382,1145.534994868729
20.11940622329712,2025-09-24T21:10:24.980302,201,284,60.14503165487227,60.14503165487227,-62.52067575340531,-998.1372218215046
20.15052032470703,2025-09-24T21:10:25.012413,201,285,0.0,32.13976797290463,-1933.047362110599,-900.0826767584527
20.76956844329834,2025-09-24T21:10:25.630464,245,304,71.07686572107734,30.69228292501067,114.81638274391042,-2.338243190509685
20.78805112838745,2025-09-24T21:10:25.648947,302,333,3083.9674930987335,1569.0360929800572,163011.52201920244,83231.61935823536
20.82145047187805,2025-09-24T21:10:25.682346,346,362,1317.3911640623328,868.2805399501739,-52892.54651168696,-20981.11758475413
20.8539137840271,2025-09-24T21:10:25.714810,385,383,1201.3561592526494,646.8840857514266,-3574.3427619749737,-6819.897279188773
20.871232986450195,2025-09-24T21:10:25.732129,409,389,1385.7451061369457,346.4362765342364,10646.503365444116,-17347.670053012
20.888334035873413,2025-09-24T21:10:25.749230,432,390,1344.94670068454,58.47594350802348,-2385.7252524523087,-16838.752166592454
20.921614170074463,2025-09-24T21:10:25.782510,522,397,2704.316017967289,210.33569028634471,40846.26910067774,4563.074952189673
20.95401644706726,2025-09-24T21:10:25.815924,624,407,3147.926919539384,308.6202862293514,13690.732341764056,3033.262013186687
20.972097873687744,2025-09-24T21:10:25.832994,643,408,1050.8020411661546,55.30537058769235,-115982.26856710069,-14009.675284951978
21.218044996261597,2025-09-24T21:10:26.078941,647,408,16.26365845690627,0.0,-4206.3447292358505,-224.86691451771452
21.25105094909668,2025-09-24T21:10:26.111947,653,404,181.78538974407132,-121.19025982938088,5014.905405525124,-3671.769769378212
21.28251051902771,2025-09-24T21:10:26.144919,658,398,158.9341497980311,-190.7209797576373,-726.3684785309422,-2210.1611713284906
21.299663066864014,2025-09-24T21:10:26.160559,661,396,174.90113006129852,-116.60075337419902,930.8809639039745,4321.237118287544
21.317238807678223,2025-09-24T21:10:26.178135,662,395,56.89660598496975,-56.89660598496975,-6714.056910814754,3396.963349673538
21.349433660507202,2025-09-24T21:10:26.210330,664,394,62.1217314029696,-31.0608657014848,162.2969188819079,802.480459243767
21.38130259513855,2025-09-24T21:10:26.242199,665,393,31.378519915013317,-31.378519915013317,-964.6764739263024,-9.967519065292455
21.448065280914307,2025-09-24T21:10:26.308961,665,392,0.0,-14.978426772086578,-470.00086276348736,245.6475941967274
21.465489387512207,2025-09-24T21:10:26.326385,666,392,57.39175173093238,0.0,3293.8131667449793,859.6381506235438
21.54701519012451,2025-09-24T21:10:26.407911,667,390,12.266055260510493,-24.532110521020986,-553.5142865752182,-300.91222330779425
21.579487085342407,2025-09-24T21:10:26.440383,669,388,61.59172375309295,-61.59172375309295,1519.0264738658898,-1141.2827302931223
21.59807562828064,2025-09-24T21:10:26.458971,670,387,53.796577995536516,-53.796577995536516,-419.35216673296026,419.35216673296026
21.61559009552002,2025-09-24T21:10:26.476486,672,385,114.19131239705422,-114.19131239705422,3448.2769915904128,-3448.2769915904128
21.649081230163574,2025-09-24T21:10:26.509977,672,381,0.0,-119.43459194714961,-3409.5982000129143,-156.5572383826194
21.666740894317627,2025-09-24T21:10:26.527637,672,378,0.0,-169.87865532604295,0.0,-2856.4565519960283
22.20497226715088,2025-09-24T21:10:27.065868,662,381,-18.57937033168461,5.573811099505384,-34.51930019218823,325.9796349327723
22.236257553100586,2025-09-24T21:10:27.097153,593,409,-2205.5096479195245,894.9894223441548,-69902.83806590296,28429.19871899008
22.255370616912842,2025-09-24T21:10:27.116267,588,412,-261.6011775565701,156.96070653394207,101705.74898182797,-38613.836225302985
22.288409948349,2025-09-24T21:10:27.149306,586,411,-60.53391255403133,-30.266956277015666,6085.694118570964,-5666.81148414709
22.321873903274536,2025-09-24T21:10:27.182770,593,382,209.18029609997294,-866.604083842745,8059.842575516356,-24992.178283371442
22.340555429458618,2025-09-24T21:10:27.201451,601,367,428.23053754658224,-802.9322578998417,11725.500330548768,3408.2775312627377
22.36939024925232,2025-09-24T21:10:27.230286,605,360,138.72117213209637,-242.76205123116867,-10040.26962837922,19426.866915639246
22.3862624168396,2025-09-24T21:10:27.247158,605,356,0.0,-237.0768295957155,-8221.893921719733,336.958580220551
22.403985023498535,2025-09-24T21:10:27.265883,605,353,0.0,-169.2753248849786,0.0,3825.707245866799
22.422729015350342,2025-09-24T21:10:27.283625,604,347,-53.35042865501539,-320.1025719300923,-2846.2682376738876,-8046.69828271272
22.456034660339355,2025-09-24T21:10:27.316931,601,338,-90.07482067948516,-270.2244620384555,-1102.6476753890763,1497.5872681069472
22.4884831905365,2025-09-24T21:10:27.349379,597,328,-123.27214748087789,-308.1803687021947,-1023.0764413580464,-1169.7265310057237
22.520827054977417,2025-09-24T21:10:27.381723,590,315,-216.42435500515995,-401.9309450095828,-2880.0580615356507,-2898.5582869554996
22.538301944732666,2025-09-24T21:10:27.399198,588,311,-114.44993519339654,-228.89987038679308,5835.482869420268,9901.697638511021
22.55501937866211,2025-09-24T21:10:27.415915,587,308,-59.81779286345874,-179.45337859037622,3267.9741735792154,2957.780004102776
22.57219672203064,2025-09-24T21:10:27.433093,586,307,-58.2162199675212,-58.2162199675212,93.23752000391998,7057.969094625388
22.58943748474121,2025-09-24T21:10:27.450334,585,305,-58.002074315821496,-116.00414863164299,12.420892004296167,-3351.8197329337836
22.6214702129364,2025-09-24T21:10:27.482366,585,303,0.0,-62.436143053849875,1810.7129047013314,1672.2898296822596
22.654798984527588,2025-09-24T21:10:27.515695,584,300,-30.0041061298653,-90.01231838959589,-900.2463846522204,-827.3984914294973
22.68801760673523,2025-09-24T21:10:27.549523,584,299,0.0,-30.10359652333685,903.2315049768429,1803.4679912906702
22.73819661140442,2025-09-24T21:10:27.599092,583,298,-19.928653559244722,-19.928653559244722,-397.15123268439737,202.77291331646666
23.068498134613037,2025-09-24T21:10:27.929394,583,299,0.0,3.0275367497121737,60.33473102289571,69.50070979375346
23.085291147232056,2025-09-24T21:10:27.946187,582,300,-59.54857670192376,59.54857670192376,-3546.032987224897,3365.7474828667687
23.102585077285767,2025-09-24T21:10:27.963481,581,300,-57.823756479541196,0.0,99.73558451003733,-3443.3223979153195
23.613870859146118,2025-09-24T21:10:28.475780,573,297,-15.646826655127004,-5.867559995672627,82.49188872600813,-11.476086767605919
23.63263511657715,2025-09-24T21:10:28.493531,568,294,-266.4640483844326,-159.87842903065956,-13366.75446130533,-8207.671931653455
23.665843963623047,2025-09-24T21:10:28.526740,559,288,-271.0121187754868,-180.6747458503245,-136.95357700218338,-626.2282093359656
23.682512044906616,2025-09-24T21:10:28.543408,557,288,-119.98981562272031,0.0,9060.569155109511,10839.564721131146
23.699422121047974,2025-09-24T21:10:28.561314,557,287,0.0,-59.13633928319657,7095.758447193389,-3497.106623817338
23.732295513153076,2025-09-24T21:10:28.593191,556,286,-30.419738760235276,-30.419738760235276,-925.3605062409604,873.5514859905182
23.764207363128662,2025-09-24T21:10:28.626629,553,284,-94.00896539358078,-62.672643595720515,-1992.6524686595808,-1010.6874048405286
23.79642128944397,2025-09-24T21:10:28.657317,550,282,-93.12742478629316,-62.08494985752877,27.365202200413634,18.24346813360909
23.814209938049316,2025-09-24T21:10:28.675106,549,280,-56.215625041883904,-112.43125008376781,2075.019894052817,-2830.2487357643686
23.847203254699707,2025-09-24T21:10:28.708099,546,279,-90.9275060700659,-30.309168690021966,-1052.0882576311415,2489.0520181387574
23.878997087478638,2025-09-24T21:10:28.739893,537,274,-283.0737666194236,-157.26320367745757,-6043.507301727095,-3993.039652380832
23.911891222000122,2025-09-24T21:10:28.772787,529,271,-243.20445320654065,-91.20166995245275,1212.04932103755,2008.3073984469052
23.928656816482544,2025-09-24T21:10:28.790569,526,269,-178.93788395904437,-119.29192263936291,3833.2413034847928,-1675.4701252235216
23.946337938308716,2025-09-24T21:10:28.807234,525,268,-56.55749730312837,-56.55749730312837,6921.528388247776,3548.102091767393
23.979766368865967,2025-09-24T21:10:28.840662,518,264,-209.40259184503134,-119.65862391144648,-4572.308421124762,-1887.6484943033263
23.99648404121399,2025-09-24T21:10:28.857380,513,260,-299.08469886906545,-239.26775909525236,-5364.5091946453085,-7154.652435687584
24.015154123306274,2025-09-24T21:10:28.876050,509,256,-214.24651376615415,-214.24651376615415,4544.071348136605,1340.17864546174
24.593077898025513,2025-09-24T21:10:29.453974,500,247,-15.572987985089036,-15.572987985089036,343.77115888264484,343.77115888264484
24.610380172729492,2025-09-24T21:10:29.471276,495,240,-288.9793443662069,-404.5710821126896,-15801.757922513789,-22482.48284013961
24.64301371574402,2025-09-24T21:10:29.503910,485,230,-306.4331689497717,-306.4331689497717,-534.8430777435199,3007.2711724630453
24.659818649291992,2025-09-24T21:10:29.521727,482,228,-178.5190040434135,-119.01266936227566,7611.703107376006,11152.706974559595
24.677294969558716,2025-09-24T21:10:29.538191,481,227,-57.22028348862908,-57.22028348862908,6940.747176952764,3535.777837128816
24.69440221786499,2025-09-24T21:10:29.555298,480,226,-58.45475450503812,-58.45475450503812,-72.16070020777524,-72.16070020777524
24.711669206619263,2025-09-24T21:10:29.572565,477,224,-173.7419328113997,-115.8279552075998,-6676.7390624399095,-3322.710260546474
24.747174739837646,2025-09-24T21:10:29.608071,473,222,-112.65849678688701,-56.32924839344351,1720.392020274895,1675.7587176116397
24.777997493743896,2025-09-24T21:10:29.638893,470,220,-97.33069306930693,-64.88712871287129,497.2885863541229,-277.6481408980292
24.81122875213623,2025-09-24T21:10:29.672125,469,219,-30.092149631946736,-30.092149631946736,2023.3523101511933,1047.0557169436381
25.309573888778687,2025-09-24T21:10:30.170470,465,217,-8.026565739056966,-4.013282869528483,44.27771492173906,52.33093461716445
25.32808256149292,2025-09-24T21:10:30.188979,459,215,-324.17235382772344,-108.05745127590782,-17080.954046237275,-5621.373829057342
25.346361875534058,2025-09-24T21:10:30.207258,452,212,-382.94653640976145,-164.11994417561203,-3215.3385214437694,-3066.991068348367
25.379432201385498,2025-09-24T21:10:30.240328,445,208,-211.6701247954321,-120.9543570259612,5179.157060131271,1305.2664598335275
25.410903453826904,2025-09-24T21:10:30.271799,437,204,-254.20024242424242,-127.10012121212121,-1351.3957764468917,-195.28184325051262
25.44288158416748,2025-09-24T21:10:30.303778,429,200,-250.1709735621729,-125.08548678108644,126.00076424596031,63.000382122980156
25.47520351409912,2025-09-24T21:10:30.336099,424,196,-154.69373303434438,-123.75498642747552,2953.9461514135583,41.16401330071799
25.508636474609375,2025-09-24T21:10:30.369533,417,192,-209.3742191288473,-119.64241093076988,-1635.5262968031918,123.00961189016755
25.540819883346558,2025-09-24T21:10:30.401716,411,187,-186.4314637705853,-155.35955314215443,712.8752440618704,-1109.7998506950967
25.558016061782837,2025-09-24T21:10:30.418912,409,184,-116.30491085045615,-174.45736627568422,4078.0312428127086,-1110.5847269669268
25.575273275375366,2025-09-24T21:10:30.436169,405,180,-231.78712939681137,-231.78712939681137,-6691.822983308721,-3322.07530571131
25.6064236164093,2025-09-24T21:10:30.467320,403,178,-64.20475454253219,-64.20475454253219,5379.7926215868065,5379.7926215868065
25.624046325683594,2025-09-24T21:10:30.484942,401,176,-113.489927619563,-113.489927619563,-2796.685362614932,-2796.685362614932
25.657031536102295,2025-09-24T21:10:30.517928,399,175,-60.63323455005421,-30.316617275027106,1602.4361342118757,2521.533417212348
26.306095838546753,2025-09-24T21:10:31.166992,469,202,107.84755799444088,41.59834379785577,259.57488635559713,110.79789907108135
26.3242347240448,2025-09-24T21:10:31.185131,497,212,1543.6450052576236,551.3017875920084,79155.76992962351,28100.041970551913
26.35736322402954,2025-09-24T21:10:31.218259,546,220,1479.0890025980382,241.48391879151643,-1948.6545629690293,-9352.004133697337
26.37408137321472,2025-09-24T21:10:31.234977,562,220,957.0437386802812,0.0,-31226.259446261516,-14444.417029462395
26.408406019210815,2025-09-24T21:10:31.270319,612,215,1456.679262058235,-145.6679262058235,14556.174109845559,-4243.828945021049
26.425156593322754,2025-09-24T21:10:31.286052,637,213,1492.4861579629076,-119.3988926370326,2137.6518598936973,1568.2467593793353
26.459173440933228,2025-09-24T21:10:31.320070,662,211,734.9299466627417,-58.794395733019336,-22270.029838594382,1781.6023870875506
26.4913113117218,2025-09-24T21:10:31.352207,671,208,280.0434434256209,-93.34781447520697,-14154.22030381813,-1075.1620407432904
26.51059913635254,2025-09-24T21:10:31.371495,685,206,725.8464999567361,-103.69235713667659,23113.18487522321,-536.3250060343473
26.54429841041565,2025-09-24T21:10:31.405194,710,206,741.8557430400792,0.0,475.06195692411,3076.990826048259
26.57501459121704,2025-09-24T21:10:31.435910,715,206,162.78065402497808,0.0,-18852.444343890114,0.0
26.608094453811646,2025-09-24T21:10:31.468990,721,206,181.37922982118533,0.0,562.2325589478352,0.0
26.62499737739563,2025-09-24T21:10:31.485893,728,207,414.129541864139,59.16136312344843,13769.825727869114,3500.066886624524
26.641982316970825,2025-09-24T21:10:31.502878,737,209,529.8811903425042,117.7513756316676,6814.95791998036,3449.527285559709
26.674172401428223,2025-09-24T21:10:31.535068,742,210,155.32733399992594,31.065466799985188,-11635.690389016785,-2692.938222837173
26.690961599349976,2025-09-24T21:10:31.551858,744,212,119.1242136355245,119.1242136355245,-2156.3341222807826,5244.964485256676
26.722941637039185,2025-09-24T21:10:31.583837,746,219,62.53901322558039,218.88654628953137,-1769.3912984048056,3119.518920631843
26.75443983078003,2025-09-24T21:10:31.615336,747,224,31.747852217419936,158.7392610870997,-977.5532292898612,-1909.5471218858097
26.771122455596924,2025-09-24T21:10:31.633012,747,226,0.0,119.88521122734808,-1903.0489845500101,-2329.012987237118
26.803969144821167,2025-09-24T21:10:31.664865,745,230,-60.888937279068585,121.77787455813717,-1853.7313414871742,57.621129419405
26.821773529052734,2025-09-24T21:10:31.682669,742,236,-168.49782396186242,336.99564792372485,-6043.954415003132,12087.908830006265
26.85709309577942,2025-09-24T21:10:31.717989,740,244,-56.62583619659649,226.50334478638595,3167.4224270917975,-3128.359529219818
26.891006469726562,2025-09-24T21:10:31.751902,742,260,58.97378429870011,471.7902743896009,3408.673542050607,7232.749238855218
26.921748399734497,2025-09-24T21:10:31.782644,753,286,357.8174824144376,845.7504129795798,9721.045426835766,12164.497755783676
26.93879771232605,2025-09-24T21:10:31.800879,768,303,879.8008670116068,997.107649279821,30616.095622282824,8877.615181695523
26.97137713432312,2025-09-24T21:10:31.832273,828,345,1841.6532989871787,1289.157309291025,29523.311741444217,8964.236997128632
26.988676071166992,2025-09-24T21:10:31.849572,842,362,809.2982896205742,982.7193516821258,-59677.3673829732,-17714.265354836014
27.00538420677185,2025-09-24T21:10:31.866280,849,367,418.95757644943563,299.2554117495969,-23362.314168532073,-40906.056552102134
27.024024486541748,2025-09-24T21:10:31.884920,849,370,0.0,160.94179041479606,-22475.92748720532,-7420.147285458992
27.23803186416626,2025-09-24T21:10:32.098928,861,395,56.072833250892366,116.81840260602577,262.0135523985317,-206.17694725546946
27.270543813705444,2025-09-24T21:10:32.132428,868,418,215.30545227881055,707.4322003446632,4897.664436763637,18166.05297774618
27.30214500427246,2025-09-24T21:10:32.163041,869,428,31.64437738126674,316.4437738126674,-5811.840364306972,-12372.58532088616
27.335381269454956,2025-09-24T21:10:32.196277,866,436,-90.26284943652576,240.70093183073536,-3667.8978864929327,-2278.9215805698987
27.368612051010132,2025-09-24T21:10:32.229508,863,444,-90.27774429616875,240.74065145645,-0.44822477672582106,1.195266071268571
27.40144109725952,2025-09-24T21:10:32.262337,855,460,-243.68664076400742,487.37328152801484,-4672.962330445126,7512.634640616469
27.42179584503174,2025-09-24T21:10:32.282692,849,468,-294.771522946096,393.02869726146133,-2509.7280867226896,-4635.016130994711
27.451823234558105,2025-09-24T21:10:32.312719,845,474,-133.21171314234897,199.81756971352348,5380.414759727303,-6434.496324706424
27.486175060272217,2025-09-24T21:10:32.347071,841,479,-116.4421371163643,145.55267139545538,488.17131775025075,-1579.680182639513
27.50400996208191,2025-09-24T21:10:32.364906,837,480,-224.27933961633582,56.069834904083955,-6046.414140691672,-5017.287868820335
27.534292936325073,2025-09-24T21:10:32.395189,832,483,-165.10927757132959,99.06556654279775,1953.9052396203456,1419.798837903759
27.551814079284668,2025-09-24T21:10:32.412710,828,484,-228.2956088666331,57.073902216658276,-3606.2904937775274,-2396.6281436648223
27.570263862609863,2025-09-24T21:10:32.431160,825,484,-162.60353561459732,0.0,3560.587790878046,-3093.472763916813
27.590049982070923,2025-09-24T21:10:32.450946,819,484,-303.2428876116112,0.0,-7107.980535233384,0.0
27.618319511413574,2025-09-24T21:10:32.479215,809,483,-353.7377604979295,-35.37377604979295,-1786.1943251433863,-1251.3040320209054
27.635185718536377,2025-09-24T21:10:32.496082,802,481,-415.03107065109833,-118.58030590031382,-3634.0897338027844,-4933.327881289179
27.669108867645264,2025-09-24T21:10:32.530005,792,480,-294.7839532203199,-29.478395322031993,3544.69206395929,2626.581343974936
27.68609857559204,2025-09-24T21:10:32.546995,789,480,-176.57749087847318,0.0,6957.533508648009,1735.0736936960436
27.719032287597656,2025-09-24T21:10:32.579928,782,479,-212.54816337758987,-30.364023339655695,-1092.2143393062904,-921.9739133711558
28.369606733322144,2025-09-24T21:10:33.230503,777,476,-7.685515520720986,-4.611309312432592,314.8950119439927,39.58457667138244
28.40167260169983,2025-09-24T21:10:33.262569,772,470,-155.92903772659002,-187.11484527190805,-4623.093953352308,-5691.520148772226
28.437166452407837,2025-09-24T21:10:33.298062,766,462,-169.04336611317103,-225.3911548175614,-369.4817024635275,-1078.3927013311568
28.46740174293518,2025-09-24T21:10:33.328297,761,457,-165.36966944234166,-165.36966944234166,121.50360081729686,1985.146639187686
28.484119176864624,2025-09-24T21:10:33.345015,757,454,-239.27117145383497,-179.45337859037622,-4420.624739621986,-842.4563965663301
28.51797127723694,2025-09-24T21:10:33.378867,749,448,-236.32211626498386,-177.2415871987379,87.1158704014406,65.33690280108003
28.55014395713806,2025-09-24T21:10:33.411040,737,439,-372.9872686042892,-279.74045145321696,-4247.8634903688835,-3185.8976177766635
28.581202268600464,2025-09-24T21:10:33.442098,731,433,-193.18500322412257,-193.18500322412257,5789.18353619534,2786.8690908671624
28.59809184074402,2025-09-24T21:10:33.458988,729,432,-118.4162619988707,-59.20813099943535,4426.917425127595,7932.520201573891
28.617440938949585,2025-09-24T21:10:33.478337,728,429,-51.681995169796444,-155.0459855093893,3448.960055920122,-4953.091533867095
28.649598360061646,2025-09-24T21:10:33.510494,726,428,-62.19404202316167,-31.097021011580836,-326.8933418738207,3854.4435533520373
28.66647481918335,2025-09-24T21:10:33.527371,723,425,-177.76240728968003,-177.76240728968003,-6847.903605436449,-8690.53071028857
28.68334674835205,2025-09-24T21:10:33.544243,721,423,-118.54008987366815,-118.54008987366815,3510.109414510475,3510.109414510475
28.703309059143066,2025-09-24T21:10:33.564205,717,419,-200.3776036690235,-200.3776036690235,-4099.601226135989,-4099.601226135989
28.735838413238525,2025-09-24T21:10:33.596734,713,416,-122.96585995104003,-92.22439496328002,2379.7504091478395,3324.7880787415143
29.231356620788574,2025-09-24T21:10:34.093160,712,412,-2.0180893149097794,-8.072357259639118,244.08340358293327,169.8263281176026
29.251070737838745,2025-09-24T21:10:34.111967,704,401,-405.80057324609675,-557.975788213383,-20481.895430751065,-27893.890938878078
29.28300452232361,2025-09-24T21:10:34.143901,690,385,-438.40716738838285,-501.0367627295804,-1021.0688982930204,1783.0340625863457
29.30036163330078,2025-09-24T21:10:34.161257,681,376,-518.519470886389,-518.519470886389,-4615.532135697325,-1007.236064792169
29.335038661956787,2025-09-24T21:10:34.195935,669,364,-346.0504104616146,-346.0504104616146,4973.582429326848,4973.582429326848
29.366488218307495,2025-09-24T21:10:34.227384,665,356,-127.18780371316589,-254.37560742633178,6959.163566818378,2914.979213473674
29.399108409881592,2025-09-24T21:10:34.260004,660,348,-153.27929600420995,-245.2468736067359,-799.857114014101,279.8491786554958
29.418351888656616,2025-09-24T21:10:34.279248,657,344,-155.89696827029104,-207.86262436038805,-136.02905673575466,1942.6970395221806
29.44935917854309,2025-09-24T21:10:34.310255,654,341,-96.75144170882864,-96.75144170882864,1907.4716551497686,3583.3890371704542
29.46734309196472,2025-09-24T21:10:34.328239,653,339,-55.605249900570065,-111.21049980114013,2287.944277955007,-803.9995385498405
30.011842250823975,2025-09-24T21:10:34.872738,647,332,-11.019300769114565,-12.855850897300327,81.88433059265842,180.63324305201252
30.030839443206787,2025-09-24T21:10:34.891735,641,320,-315.8361445783133,-631.6722891566266,-16045.3627918712,-32574.099676918235
30.065343856811523,2025-09-24T21:10:34.926240,625,301,-463.7087934108152,-550.654192175343,-4285.6154730362905,2348.050249726962
30.100740671157837,2025-09-24T21:10:34.961637,612,289,-367.2646886471559,-339.01355875122084,2724.6549313753094,5979.087026122854
30.130025625228882,2025-09-24T21:10:34.990921,603,281,-307.3250508833347,-273.1778230074086,2046.7724695216655,2248.1078708232076
30.149019956588745,2025-09-24T21:10:35.010912,591,270,-631.7674348546468,-579.1201486167596,-17081.011056640185,-16107.033188640398
30.179680347442627,2025-09-24T21:10:35.040576,573,255,-587.0766646707983,-489.23055389233195,1457.6060167279406,2931.7824144125984
30.214083194732666,2025-09-24T21:10:35.074979,553,241,-581.3472306924655,-406.94306148472583,166.53952883695587,2391.880291589455
30.246249198913574,2025-09-24T21:10:35.107145,546,239,-217.6210623063581,-62.177446373245175,11307.782164686569,10718.322772466488
30.28131866455078,2025-09-24T21:10:35.142214,540,243,-171.08900552035462,114.05933701356975,1326.8538867223342,5025.362667626053
30.31276559829712,2025-09-24T21:10:35.173661,531,268,-286.1964245098485,794.9900680829126,-3660.370194372243,21653.32673010257
30.34490942955017,2025-09-24T21:10:35.205805,537,351,186.66100978334237,2582.1439686695694,14710.674361454578,55598.658620290735
30.380385398864746,2025-09-24T21:10:35.241281,561,414,676.5142845621888,1775.8499969757454,13808.030738644022,-22727.89122530221
30.411571264266968,2025-09-24T21:10:35.272467,595,450,1090.237502197962,1154.3691199743125,13266.369629309678,-19928.287029583556
30.4299795627594,2025-09-24T21:10:35.290876,610,460,814.8498899106334,543.2332599404223,-14959.971037005458,-33198.93255127038
30.463499784469604,2025-09-24T21:10:35.324396,652,480,1252.9750060457773,596.6547647837034,13070.471905672352,1593.7097703329687
30.496604919433594,2025-09-24T21:10:35.357501,660,482,241.6543538850439,60.41358847126097,-30548.754846062908,-16198.126873542398
30.532390117645264,2025-09-24T21:10:35.394305,675,485,419.167721561155,83.833544312231,4960.524925029539,654.4593019281513
30.561559438705444,2025-09-24T21:10:35.423456,681,488,205.69556581797377,102.84778290898689,-7318.379310329381,651.857427792943
30.578430652618408,2025-09-24T21:10:35.439327,683,489,118.54511538515891,59.272557692579454,-5165.630101213305,-2582.8150506066527
30.595142602920532,2025-09-24T21:10:35.456038,683,490,0.0,59.837420643412514,-7093.433934523626,33.79994199487705
30.61276412010193,2025-09-24T21:10:35.473660,677,492,-340.49281558652416,113.49760519550804,-19322.559577673124,3045.1512205059194
30.645263671875,2025-09-24T21:10:35.506160,620,492,-1753.8703425205226,0.0,-43489.13907499195,-3492.28217016675
30.67595386505127,2025-09-24T21:10:35.536850,545,463,-2443.777384170784,-944.9272552127031,-22479.723007534398,-30789.22474633838
30.694411754608154,2025-09-24T21:10:35.555308,523,449,-1191.9022449559534,-758.4832467901522,67823.3085833956,10101.04691806478
30.72810435295105,2025-09-24T21:10:35.589000,497,433,-771.6828407056475,-474.88174812655234,12472.157830442726,8417.323466042524
30.760160446166992,2025-09-24T21:10:35.621056,488,424,-280.75785590503745,-280.75785590503745,15314.560682536932,6055.7564177836775
30.796263933181763,2025-09-24T21:10:35.657160,483,416,-138.4907778562891,-221.58524457006254,3940.53566046251,1638.9721943137085
30.827093839645386,2025-09-24T21:10:35.687990,480,408,-97.30811228829944,-259.48829943546514,1335.80248180714,-1229.4249063040565
30.844383478164673,2025-09-24T21:10:35.705279,480,401,0.0,-404.8667641137373,5628.117220597142,-8408.415509445043
30.876399517059326,2025-09-24T21:10:35.737295,480,390,0.0,-343.5777934989016,0.0,1914.3208445149337
30.908339023590088,2025-09-24T21:10:35.769828,482,383,62.61837508584396,-219.16431280045384,1960.5304491957218,3895.2850000554045
30.92601728439331,2025-09-24T21:10:35.786913,489,381,395.96655337972703,-113.1333009656363,18856.38989063423,5997.819186799678
30.957193613052368,2025-09-24T21:10:35.818090,524,388,1122.6466202213164,224.5293240442633,23308.71202919745,10830.7372783549
30.9899742603302,2025-09-24T21:10:35.850870,569,393,1372.7611788322229,152.529019870247,7629.945696040201,-2196.4271652044717
31.022496223449707,2025-09-24T21:10:35.883392,591,390,676.465929167858,-92.24535397743517,-21410.000592698645,-7526.4329200614975
31.055399894714355,2025-09-24T21:10:35.916296,615,385,729.401889745522,-151.95872703031708,1608.8162367017737,-1814.7936311604747
31.072120666503906,2025-09-24T21:10:35.933017,621,385,358.8351109336679,0.0,-22162.061863880608,9088.021111877133
31.090731143951416,2025-09-24T21:10:35.951627,625,385,214.93269107586667,0.0,-7732.333588091614,0.0
31.121775150299072,2025-09-24T21:10:35.982671,628,389,96.63701155074958,128.84934873433275,-3810.58031622417,4150.538667315424
31.154468536376953,2025-09-24T21:10:36.015364,629,397,30.587226346571764,244.69781077257412,-2020.2797301826336,3543.4831302659154
31.17165231704712,2025-09-24T21:10:36.032548,623,411,-349.1664677969864,814.7217581929683,-22099.54266949389,33172.20804674569
31.20413899421692,2025-09-24T21:10:36.065035,573,448,-1539.092463617082,1138.928423076641,-36628.12264857522,9979.68069153779
31.221434593200684,2025-09-24T21:10:36.082330,553,459,-1156.3635361096178,635.9999448602898,22128.688799198648,-29078.40767402443
31.238136291503906,2025-09-24T21:10:36.099032,539,466,-838.238108833438,419.119054416719,19047.489752272457,-12985.559103395062
31.25514030456543,2025-09-24T21:10:36.116036,525,476,-823.3350532809872,588.0964666292765,876.4434312376158,9937.501906236383
31.272059440612793,2025-09-24T21:10:36.133975,520,481,-295.5233639591906,295.5233639591906,31196.137193072103,-17292.437501008288
31.289722442626953,2025-09-24T21:10:36.150618,511,490,-509.5396576858701,509.5396576858701,-12116.643227187878,12116.643227187878
31.32293152809143,2025-09-24T21:10:36.183828,497,504,-421.5713803674375,421.5713803674375,2648.9220069769417,-2648.9220069769417
31.354427576065063,2025-09-24T21:10:36.215323,479,519,-571.5002725125659,476.2502270938049,-4760.244595469331,1736.0542113773215
31.372407913208008,2025-09-24T21:10:36.233304,468,525,-611.7794072797188,333.6978585162103,-2240.1768357807973,-7928.236686792802
31.38947343826294,2025-09-24T21:10:36.250369,459,527,-527.3790270753583,117.19533935007964,4945.665599662889,-12686.543101910904
31.40618658065796,2025-09-24T21:10:36.267082,449,528,-598.3315263908702,59.83315263908702,-4245.31172166974,-3432.16047319063
31.440104007720947,2025-09-24T21:10:36.301000,431,528,-530.7006326444538,0.0,1993.9865609740568,-1764.0828865930919
31.472482204437256,2025-09-24T21:10:36.333378,404,528,-833.8944950075108,0.0,-9364.136768319193,0.0
31.48960304260254,2025-09-24T21:10:36.350499,388,529,-934.5336861161398,58.40835538225874,-5878.169639655856,3411.5359784602333
31.5066819190979,2025-09-24T21:10:36.367578,365,532,-1346.6927995086132,175.6555825446017,-24132.683054673824,6865.043329646868
31.53984785079956,2025-09-24T21:10:36.400744,348,535,-512.5741725853294,90.45426575035225,25149.862649012546,-2568.940850528997
31.55689239501953,2025-09-24T21:10:36.417788,342,535,-352.01879983214434,0.0,9419.75160386313,-5306.9336781894735
31.574373722076416,2025-09-24T21:10:36.435270,334,536,-457.63116117945503,57.20389514743188,-6041.4384447842485,3272.2856200383803
31.591160774230957,2025-09-24T21:10:36.452057,329,536,-297.8486010509871,0.0,9518.20240132188,-3407.6200288659866
31.62335443496704,2025-09-24T21:10:36.484250,317,536,-372.74419017996,0.0,-2326.407976494169,0.0
31.655354261398315,2025-09-24T21:10:36.516250,304,532,-406.2522035211635,-125.00067800651185,-1047.1310965754199,-3906.2923755219135
31.690663814544678,2025-09-24T21:10:36.551560,276,516,-792.986529281089,-453.13515958919373,-10952.682526365194,-9293.079417417868
31.722212076187134,2025-09-24T21:10:36.583108,242,484,-1077.7138970549338,-1014.3189619340553,-9025.136503580694,-17788.105370270187
31.73976492881775,2025-09-24T21:10:36.600661,229,471,-740.6203580451496,-740.6203580451496,19204.48750431792,15592.82753912761
31.757320642471313,2025-09-24T21:10:36.618216,217,455,-683.5381481380883,-911.3841975174512,3251.4890042918587,-9726.966550153902
31.774003267288208,2025-09-24T21:10:36.634899,215,450,-119.88521122734808,-299.7130280683702,33786.825700229594,36665.16367554104
32.00737690925598,2025-09-24T21:10:36.868273,176,463,-167.1139879857791,55.70466266192636,-202.37408286644828,1522.955582016311
32.0250928401947,2025-09-24T21:10:36.885989,165,470,-620.9100745565634,395.12459289963124,-25615.14199510385,19159.023108170626
32.05636143684387,2025-09-24T21:10:36.917257,143,488,-703.5813038505528,575.6574304231796,-2643.9059680724135,5773.614964211733
32.075623750686646,2025-09-24T21:10:36.936520,131,498,-622.9781166452124,519.148430537677,4184.501813398704,-2933.655860181244
32.10726618766785,2025-09-24T21:10:36.968162,121,505,-316.03128437740173,221.2218990641812,9700.48016371711,-9415.410439167325
32.12433671951294,2025-09-24T21:10:36.985233,117,507,-234.32193187055685,117.16096593527843,4786.573332824055,-6095.9397207543325
32.14155840873718,2025-09-24T21:10:37.002454,115,507,-116.13262636191214,0.0,6862.817228304661,-6803.105340581204
32.15998959541321,2025-09-24T21:10:37.020885,108,504,-379.79106408299486,-162.76759889271207,-14305.016945221432,-8831.097083099601
32.17701315879822,2025-09-24T21:10:37.037909,99,496,-528.678972577799,-469.93686451359906,-8745.989610254486,-18043.77019510306
32.19510078430176,2025-09-24T21:10:37.055997,82,477,-939.8690832399657,-1050.4419165623146,-22733.22778502298,-32094.04418148205
32.226155519485474,2025-09-24T21:10:37.087051,69,453,-418.61570942703815,-772.8290020191473,16784.988528456597,8939.471320584285
32.242865800857544,2025-09-24T21:10:37.103762,64,436,-299.2169843625157,-1017.3377468325533,7145.225290107106,-14632.233854666249
32.27582335472107,2025-09-24T21:10:37.136719,57,404,-212.3944036922899,-970.945845450468,2634.37574978262,1407.6257471713602
32.30826163291931,2025-09-24T21:10:37.169157,57,329,0.0,-2312.083259834186,6547.647270125436,-41344.2848657853
32.32707452774048,2025-09-24T21:10:37.187970,58,292,53.15503060564969,-1966.7361324090384,2825.457278687555,18356.937127856912
32.35705208778381,2025-09-24T21:10:37.217948,61,253,100.07485584761602,-1300.9731260190083,1565.164915828372,22208.71229771924
32.38994574546814,2025-09-24T21:10:37.250842,62,226,30.400997347172492,-820.8269283736573,-2118.1547874392554,14596.923280871275
32.407103300094604,2025-09-24T21:10:37.267999,63,220,58.28336390417431,-349.70018342504585,1625.0781165513165,27458.851520829037
32.43972563743591,2025-09-24T21:10:37.300622,65,202,61.307685561434795,-551.7691700529132,92.70708059998164,-6194.190946949531
32.47414255142212,2025-09-24T21:10:37.335039,76,173,319.61029406671054,-842.6089570849641,7505.1066056881455,-8450.48998723757
32.50645089149475,2025-09-24T21:10:37.367347,81,160,154.758801868483,-402.3728848580558,-5102.443883765854,13626.081415424656
32.5397047996521,2025-09-24T21:10:37.400601,86,149,150.35826695440826,-330.78818729969817,-132.33136067052874,2152.6702130660224
32.55710291862488,2025-09-24T21:10:37.417999,94,143,459.8198237704356,-344.86486782782674,17787.069814858794,-809.0920949646006
32.5926570892334,2025-09-24T21:10:37.453553,147,116,1490.6830645431685,-759.4045800502934,28994.158016603764,-11659.383558313768
32.623162508010864,2025-09-24T21:10:37.484059,208,98,1999.6447334484833,-590.059101673323,16684.303618912516,5551.324491308572
32.640355825424194,2025-09-24T21:10:37.501252,245,93,2151.9988906453673,-290.81066089802255,8861.242628997412,17404.927366913576
32.670681953430176,2025-09-24T21:10:37.531578,297,90,1714.6930194894533,-98.9245972782377,-14420.102397169232,6327.417188964505
32.68923783302307,2025-09-24T21:10:37.550134,329,89,1724.5207827416516,-53.89127446067661,529.6306867587724,2426.903159837435
32.72426915168762,2025-09-24T21:10:37.585165,360,97,884.9224403125255,228.36708137097432,-23967.077873055925,8057.314614230507
32.756128787994385,2025-09-24T21:10:37.617025,378,115,564.9782008396381,564.9782008396381,-10042.306710355457,10565.44137000123
32.78656888008118,2025-09-24T21:10:37.648978,409,148,1018.3937654200117,1084.0965889954964,14895.341423001522,17053.77193589715
32.808189153671265,2025-09-24T21:10:37.669085,433,182,1110.0692088837918,1572.5980459187049,4240.253624996214,22594.601076055238
32.83893537521362,2025-09-24T21:10:37.699831,476,223,1398.545832396343,1333.4971890290713,9382.506501331334,-7776.593184311431
32.87267565727234,2025-09-24T21:10:37.733572,515,252,1155.8883809012345,859.5067447727129,-7191.921249289764,-14048.206337798434
32.90613555908203,2025-09-24T21:10:37.767031,552,266,1105.801212760348,418.41126969310466,-1496.9311155114508,-13182.808413138719
32.93819332122803,2025-09-24T21:10:37.800543,601,272,1528.4909712925778,187.16215975011156,13185.254685190876,-7213.513809536931
32.955233097076416,2025-09-24T21:10:37.816129,619,272,1056.3519238841473,0.0,-27708.055059484675,-10983.839307241247
32.98848748207092,2025-09-24T21:10:37.849384,673,265,1623.8459983223281,-210.49855533807957,17065.24040459395,-6329.948828488364
33.020490884780884,2025-09-24T21:10:37.881387,696,249,718.673580070326,-499.946838309792,-28283.63053939482,-9044.297120369101
33.0372588634491,2025-09-24T21:10:37.898155,706,232,596.374804493104,-1013.8371676382767,-7293.590837461179,-30647.12446841719
33.05396556854248,2025-09-24T21:10:37.915883,709,222,179.56862129493527,-598.5620709831176,-24948.437221366457,24856.79218816264
33.07259559631348,2025-09-24T21:10:37.933492,713,207,214.70714102892245,-805.1517788584591,1886.12277801819,-11089.071385978712
33.104915380477905,2025-09-24T21:10:37.965811,704,156,-278.46720616115493,-1577.9808349132113,-15259.209179152474,-23911.949786636604
33.12270736694336,2025-09-24T21:10:37.983603,677,113,-1517.5371256281408,-2416.8183852596317,-69642.02237186005,-47146.930556357685
33.14206290245056,2025-09-24T21:10:38.002959,641,73,-1859.9330401685081,-2066.592266853898,-17689.818729787283,18094.364698688678
33.17202806472778,2025-09-24T21:10:38.032924,606,61,-1168.0230420979767,-400.46504300502056,23090.48059440992,55602.14252920635
33.19097352027893,2025-09-24T21:10:38.051870,577,64,-1530.7100914891207,158.3493198092194,-19143.749191566803,29495.95808375241
33.221333742141724,2025-09-24T21:10:38.082230,528,74,-1613.9539500549708,329.37835715407573,-2741.8725377585947,5633.326334629184
33.23866295814514,2025-09-24T21:10:38.099559,495,80,-1904.2984976060757,346.23609047383195,-16754.626839081353,972.792613147141
33.25709414482117,2025-09-24T21:10:38.117990,485,82,-542.558662975707,108.51173259514138,73882.37439978131,-12897.940976742082
33.28858757019043,2025-09-24T21:10:38.149484,465,94,-635.0531822276729,381.03190933660375,-2936.9469394789858,8653.240273045676
33.32249140739441,2025-09-24T21:10:38.183387,437,118,-825.865220846255,707.8844750110757,-5628.036657637839,9640.577369104029
33.35707950592041,2025-09-24T21:10:38.217975,423,152,-404.76350526976074,982.9970842265618,12174.757605132261,7953.967432140718
33.38899040222168,2025-09-24T21:10:38.249886,420,195,-94.01177490212486,1347.5021069304564,9738.107241922662,11422.588048377484
33.42136812210083,2025-09-24T21:10:38.282264,414,246,-185.3126168981311,1575.1572436341144,-2819.866325880451,7031.2281888094385
33.455095052719116,2025-09-24T21:10:38.315991,393,303,-622.647825195637,1690.044096959586,-12966.943634662997,3406.3833031750055
33.472543239593506,2025-09-24T21:10:38.333439,379,328,-802.3756336854187,1432.8136315811048,-10300.658159134302,-14742.53269008958
33.489439725875854,2025-09-24T21:10:38.350336,360,361,-1124.4941511803468,1953.0687888921814,-19064.230995259517,30790.730606195626
33.52045202255249,2025-09-24T21:10:38.381348,337,396,-741.6412992504324,1128.5845858158755,12345.19506639283,-26585.718938302995
33.53860545158386,2025-09-24T21:10:38.399501,315,419,-1211.8922525314877,1266.9782640101917,-25904.2494103117,7623.555745592166
33.57342505455017,2025-09-24T21:10:38.434321,275,457,-1148.778176439977,1091.339267617978,1812.6018310024901,-5044.256149679871
33.6073431968689,2025-09-24T21:10:38.468239,239,482,-1061.3788827734547,737.068668592677,2576.7712407489566,-10444.87034980435
33.63958215713501,2025-09-24T21:10:38.500478,220,502,-589.3490312084011,620.3674012720012,14641.596616911038,-3619.8830966438386
33.672451972961426,2025-09-24T21:10:38.533348,194,522,-790.9992601511613,608.4609693470471,-6134.81468857829,-362.2299555261089
33.691627502441406,2025-09-24T21:10:38.552523,185,529,-469.34818719848806,365.0485900432685,16774.03866675398,-12693.906551988808
33.72374606132507,2025-09-24T21:10:38.584642,163,548,-684.9622388004306,591.5582971458264,-6713.06743191355,7052.299822136264
33.740593671798706,2025-09-24T21:10:38.601490,129,572,-2018.0903430318126,1424.5343597871617,-79128.61626981353,49441.79258803356
33.77259612083435,2025-09-24T21:10:38.633492,83,602,-1437.3899931459905,937.4282563995589,18145.497216136002,-15220.900839340795
33.78927659988403,2025-09-24T21:10:38.650172,73,606,-599.5031659591498,239.80126638365994,50231.58056139781,-41822.958917308366
33.8372859954834,2025-09-24T21:10:38.698182,70,606,-62.487768540865886,0.0,11185.631285584945,-4994.8820098628885
33.87024235725403,2025-09-24T21:10:38.731138,69,606,-30.3431551989814,0.0,975.3689914440491,0.0
34.53277540206909,2025-09-24T21:10:39.393671,78,606,13.58422809312435,0.0,66.30217713045158,0.0
34.54959487915039,2025-09-24T21:10:39.410491,95,607,1010.7329685595214,59.454880503501265,59285.35920864643,3534.882815685615
34.567246437072754,2025-09-24T21:10:39.429158,102,607,396.5655626992274,0.0,-34793.94898521603,-3368.251163155186
34.60041332244873,2025-09-24T21:10:39.461309,100,607,-60.30110989706136,0.0,-13774.78371626678,0.0
35.13167595863342,2025-09-24T21:10:39.992572,113,585,24.47000619761367,-41.41077971903852,159.56536432425582,-77.94784895176055
35.14880967140198,2025-09-24T21:10:40.009706,164,514,2976.5877769119447,-4143.8771011911385,172298.7778884866,-239438.25701346595
35.18130421638489,2025-09-24T21:10:40.042200,312,321,4554.610630117689,-5939.458456842662,48562.70041742923,-55257.93195737539
35.212891578674316,2025-09-24T21:10:40.073787,469,188,4970.342207159948,-4210.544672307472,13161.326141543366,54734.351310929254
35.230539083480835,2025-09-24T21:10:40.091435,530,155,3456.5793107175186,-1869.9527418635755,-85777.72965860208,132630.19084597952
35.24822402000427,2025-09-24T21:10:40.109120,587,130,3223.0819672131147,-1413.6324417601381,-13203.17679370545,25802.767202397645
35.28157186508179,2025-09-24T21:10:40.142468,690,101,3088.6553467123276,-869.6214082976456,-4031.0436907788835,16313.22900169346
35.29875111579895,2025-09-24T21:10:40.159647,729,96,2270.1805010061757,-291.048782180279,-47643.22141759344,33678.571646861084
35.316028118133545,2025-09-24T21:10:40.176924,753,93,1389.129869592217,-173.6412336990271,-50995.57286334221,6795.597187954304
35.33415699005127,2025-09-24T21:10:40.195053,775,90,1213.5338646466241,-165.48189063363054,-9685.986295369677,450.0745055967423
35.36613154411316,2025-09-24T21:10:40.227027,793,88,562.9476478439501,-62.54973864932779,-20346.998914931086,3219.1896026155123
35.40256905555725,2025-09-24T21:10:40.263465,821,81,768.4388667146503,-192.10971667866258,5639.551405314751,-3555.6758103013217
35.4328887462616,2025-09-24T21:10:40.293785,845,76,791.56480301958,-164.90933396241252,762.7365506606271,897.119399451903
35.450844526290894,2025-09-24T21:10:40.311740,871,70,1448.0016995963458,-334.1542383683875,36558.52853541952,-9425.650354918187
35.4851291179657,2025-09-24T21:10:40.346025,883,68,350.01146036161333,-58.33524339360223,-32025.763924778832,8044.984102216424
35.51694202423096,2025-09-24T21:10:40.377838,887,64,125.73513298809141,-125.73513298809141,-7049.853462097626,-2118.6335203864437
36.110400915145874,2025-09-24T21:10:40.971297,905,60,30.33066026233083,-6.740146724962407,-160.7600360973251,200.51091673709388
36.128291845321655,2025-09-24T21:10:40.989188,923,58,1006.0963752665245,-111.78848614072494,54539.68605417044,-5871.59741744257
36.14526581764221,2025-09-24T21:10:41.006162,937,56,824.7922015900216,-117.82745737000309,-10681.304897435894,-355.778312538223
36.17740321159363,2025-09-24T21:10:41.038299,953,50,497.86239743608763,-186.69839903853287,-10172.878505586761,-2143.015758298449
36.21161675453186,2025-09-24T21:10:41.072513,961,43,233.8255355326058,-204.5973435910301,-7717.320079366291,-523.1537869320102
36.228357791900635,2025-09-24T21:10:41.089254,963,39,119.46690972271672,-238.93381944543344,-6831.035812821981,-2051.0363305471237
36.262632608413696,2025-09-24T21:10:41.123529,972,28,262.5834626006024,-320.935343178514,4175.560001126381,-2392.4715600397526
36.29609799385071,2025-09-24T21:10:41.156994,977,20,149.40811034168306,-239.0529765466929,-3381.8631036518937,2446.7779337530555
36.313140869140625,2025-09-24T21:10:41.174037,979,17,117.35109046906257,-176.02663570359385,-1880.9631196202117,3698.104913106244
36.34536170959473,2025-09-24T21:10:41.206258,981,13,62.07162730124904,-124.14325460249808,-1715.6431175828225,1610.2429474179426
36.362929344177246,2025-09-24T21:10:41.223825,981,12,0.0,-56.92285977959937,-3533.294537160551,3826.37710883317
36.395163774490356,2025-09-24T21:10:41.256060,981,11,0.0,-31.02272912182602,0.0,803.4927376160042
37.11715888977051,2025-09-24T21:10:41.978055,981,9,0.0,-2.7701018437277822,0.0,39.13132745660688
37.134275674819946,2025-09-24T21:10:41.996194,981,7,0.0,-116.84437201398465,0.0,-6664.468230498643
37.1673481464386,2025-09-24T21:10:42.028244,979,1,-60.473254707459844,-181.41976412237955,-1828.5072674566572,-1952.5420674025283
37.186129570007324,2025-09-24T21:10:42.047025,978,0,-53.24410028562361,-53.24410028562361,384.90982301650786,6824.5978995006135
